"state_event","datetime_event_began","datetime_restoration","event_type","fips","state","county","start_time","duration","end_time","min_customers","max_customers","mean_customers"
"Idaho",2014-11-21 20:29:00,2014-11-23 00:16:00,"Suspected Physical Attack - Vandalism",16049,"Idaho","Idaho",2014-11-22 18:15:00,2.5,2014-11-22 20:45:00,208,208,208
"Idaho",2014-11-21 20:29:00,2014-11-23 00:16:00,"Suspected Physical Attack - Vandalism",16049,"Idaho","Idaho",2014-11-23 05:00:00,8,2014-11-23 13:00:00,566,566,566
"Idaho",2014-11-21 20:29:00,2014-11-23 00:16:00,"Suspected Physical Attack - Vandalism",16055,"Idaho","Kootenai",2014-11-25 18:15:00,1.5,2014-11-25 19:45:00,216,216,216
"Idaho",2015-11-17 13:30:00,2015-11-17 13:30:00,"Severe Weather",16009,"Idaho","Benewah",2015-11-18 03:00:00,9.5,2015-11-18 12:30:00,689,7832,4515.3947368421
"Idaho",2015-11-17 13:30:00,2015-11-17 13:30:00,"Severe Weather",16009,"Idaho","Benewah",2015-11-18 12:45:00,2.25,2015-11-18 15:00:00,4379,8756,4942.44444444444
"Idaho",2015-11-17 13:30:00,2015-11-17 13:30:00,"Severe Weather",16009,"Idaho","Benewah",2015-11-18 15:45:00,0.75,2015-11-18 16:30:00,3740,4684,4362.66666666667
"Idaho",2015-11-17 13:30:00,2015-11-17 13:30:00,"Severe Weather",16009,"Idaho","Benewah",2015-11-18 16:45:00,1.25,2015-11-18 18:00:00,2720,5335,3243.4
"Idaho",2015-11-17 13:30:00,2015-11-17 13:30:00,"Severe Weather",16009,"Idaho","Benewah",2015-11-18 18:15:00,0.5,2015-11-18 18:45:00,2720,5262,3991
"Idaho",2015-11-17 13:30:00,2015-11-17 13:30:00,"Severe Weather",16009,"Idaho","Benewah",2015-11-18 19:00:00,5.5,2015-11-19 00:30:00,980,2646,2078.18181818182
"Idaho",2015-11-17 13:30:00,2015-11-17 13:30:00,"Severe Weather",16009,"Idaho","Benewah",2015-11-19 00:45:00,1.25,2015-11-19 02:00:00,661,1525,981.2
"Idaho",2015-11-17 13:30:00,2015-11-17 13:30:00,"Severe Weather",16009,"Idaho","Benewah",2015-11-19 02:15:00,2.5,2015-11-19 04:45:00,402,774,475.2
"Idaho",2015-11-17 13:30:00,2015-11-17 13:30:00,"Severe Weather",16009,"Idaho","Benewah",2015-11-19 05:00:00,22,2015-11-20 03:00:00,220,837,538.636363636364
"Idaho",2015-11-17 13:30:00,2015-11-17 13:30:00,"Severe Weather",16017,"Idaho","Bonner",2015-11-17 22:15:00,0.5,2015-11-17 22:45:00,320,759,539.5
"Idaho",2015-11-17 13:30:00,2015-11-17 13:30:00,"Severe Weather",16017,"Idaho","Bonner",2015-11-17 23:00:00,1.25,2015-11-18 00:15:00,761,1584,932.8
"Idaho",2015-11-17 13:30:00,2015-11-17 13:30:00,"Severe Weather",16017,"Idaho","Bonner",2015-11-18 00:30:00,8.5,2015-11-18 09:00:00,1076,6668,3631.70588235294
"Idaho",2015-11-17 13:30:00,2015-11-17 13:30:00,"Severe Weather",16017,"Idaho","Bonner",2015-11-18 09:15:00,2.25,2015-11-18 11:30:00,3266,6557,3668.77777777778
"Idaho",2015-11-17 13:30:00,2015-11-17 13:30:00,"Severe Weather",16017,"Idaho","Bonner",2015-11-18 11:45:00,0.75,2015-11-18 12:30:00,3259,6580,4376
"Idaho",2015-11-17 13:30:00,2015-11-17 13:30:00,"Severe Weather",16017,"Idaho","Bonner",2015-11-18 12:45:00,2.25,2015-11-18 15:00:00,3293,6566,3659.22222222222
"Idaho",2015-11-17 13:30:00,2015-11-17 13:30:00,"Severe Weather",16017,"Idaho","Bonner",2015-11-18 15:45:00,0.75,2015-11-18 16:30:00,3472,3480,3475.33333333333
"Idaho",2015-11-17 13:30:00,2015-11-17 13:30:00,"Severe Weather",16017,"Idaho","Bonner",2015-11-18 16:45:00,1.25,2015-11-18 18:00:00,3495,7084,4242.6
"Idaho",2015-11-17 13:30:00,2015-11-17 13:30:00,"Severe Weather",16017,"Idaho","Bonner",2015-11-18 18:15:00,0.5,2015-11-18 18:45:00,3496,6998,5247
"Idaho",2015-11-17 13:30:00,2015-11-17 13:30:00,"Severe Weather",16017,"Idaho","Bonner",2015-11-18 19:00:00,5.5,2015-11-19 00:30:00,2443,5200,3208.36363636364
"Idaho",2015-11-17 13:30:00,2015-11-17 13:30:00,"Severe Weather",16017,"Idaho","Bonner",2015-11-19 00:45:00,1.25,2015-11-19 02:00:00,1925,3880,2321.8
"Idaho",2015-11-17 13:30:00,2015-11-17 13:30:00,"Severe Weather",16017,"Idaho","Bonner",2015-11-19 02:15:00,2.5,2015-11-19 04:45:00,1820,3637,2013.2
"Idaho",2015-11-17 13:30:00,2015-11-17 13:30:00,"Severe Weather",16035,"Idaho","Clearwater",2015-11-18 06:45:00,4,2015-11-18 10:45:00,256,1264,680.0625
"Idaho",2015-11-17 13:30:00,2015-11-17 13:30:00,"Severe Weather",16055,"Idaho","Kootenai",2015-11-17 23:00:00,1.25,2015-11-18 00:15:00,330,1612,674.4
"Idaho",2015-11-17 13:30:00,2015-11-17 13:30:00,"Severe Weather",16055,"Idaho","Kootenai",2015-11-18 00:30:00,8.5,2015-11-18 09:00:00,359,26543,15004.7352941176
"Idaho",2015-11-17 13:30:00,2015-11-17 13:30:00,"Severe Weather",16055,"Idaho","Kootenai",2015-11-18 09:15:00,2.25,2015-11-18 11:30:00,13748,26956,15261
"Idaho",2015-11-17 13:30:00,2015-11-17 13:30:00,"Severe Weather",16055,"Idaho","Kootenai",2015-11-18 11:45:00,0.75,2015-11-18 12:30:00,12112,27135,17602.3333333333
"Idaho",2015-11-17 13:30:00,2015-11-17 13:30:00,"Severe Weather",16055,"Idaho","Kootenai",2015-11-18 12:45:00,2.25,2015-11-18 15:00:00,10356,24274,12728.6666666667
"Idaho",2015-11-17 13:30:00,2015-11-17 13:30:00,"Severe Weather",16055,"Idaho","Kootenai",2015-11-18 15:45:00,0.75,2015-11-18 16:30:00,10421,11465,10786.6666666667
"Idaho",2015-11-17 13:30:00,2015-11-17 13:30:00,"Severe Weather",16055,"Idaho","Kootenai",2015-11-18 16:45:00,1.25,2015-11-18 18:00:00,10504,21072,12889.6
"Idaho",2015-11-17 13:30:00,2015-11-17 13:30:00,"Severe Weather",16055,"Idaho","Kootenai",2015-11-18 18:15:00,0.5,2015-11-18 18:45:00,11591,23504,17547.5
"Idaho",2015-11-17 13:30:00,2015-11-17 13:30:00,"Severe Weather",16055,"Idaho","Kootenai",2015-11-18 19:00:00,5.5,2015-11-19 00:30:00,11009,22424,12025.1363636364
"Idaho",2015-11-17 13:30:00,2015-11-17 13:30:00,"Severe Weather",16055,"Idaho","Kootenai",2015-11-19 00:45:00,1.25,2015-11-19 02:00:00,11054,22178,13309
"Idaho",2015-11-17 13:30:00,2015-11-17 13:30:00,"Severe Weather",16055,"Idaho","Kootenai",2015-11-19 02:15:00,2.5,2015-11-19 04:45:00,11099,22214,12215.7
"Idaho",2015-11-17 13:30:00,2015-11-17 13:30:00,"Severe Weather",16057,"Idaho","Latah",2015-11-18,1.75,2015-11-18 01:45:00,334,357,353.285714285714
"Idaho",2015-11-17 13:30:00,2015-11-17 13:30:00,"Severe Weather",16057,"Idaho","Latah",2015-11-18 03:15:00,11.75,2015-11-18 15:00:00,320,6937,2838.29787234043
"Idaho",2015-11-17 13:30:00,2015-11-17 13:30:00,"Severe Weather",16057,"Idaho","Latah",2015-11-18 15:45:00,0.75,2015-11-18 16:30:00,205,356,304.666666666667
"Idaho",2015-11-17 13:30:00,2015-11-17 13:30:00,"Severe Weather",16057,"Idaho","Latah",2015-11-18 16:45:00,1.25,2015-11-18 18:00:00,278,497,334.4
"Idaho",2015-11-17 13:30:00,2015-11-17 13:30:00,"Severe Weather",16057,"Idaho","Latah",2015-11-18 18:15:00,0.5,2015-11-18 18:45:00,301,522,411.5
"Idaho",2015-11-17 13:30:00,2015-11-17 13:30:00,"Severe Weather",16057,"Idaho","Latah",2015-11-18 19:00:00,1.5,2015-11-18 20:30:00,226,330,278.833333333333
"Idaho",2015-11-17 13:30:00,2015-11-17 13:30:00,"Severe Weather",16057,"Idaho","Latah",2015-11-19 00:15:00,0.25,2015-11-19 00:30:00,235,235,235
"Idaho",2015-11-17 13:30:00,2015-11-17 13:30:00,"Severe Weather",16057,"Idaho","Latah",2015-11-19 01:30:00,0.25,2015-11-19 01:45:00,228,228,228
"Idaho",2015-11-17 13:30:00,2015-11-17 13:30:00,"Severe Weather",16057,"Idaho","Latah",2015-11-19 02:30:00,0.25,2015-11-19 02:45:00,230,230,230
"Idaho",2015-11-17 13:30:00,2015-11-17 13:30:00,"Severe Weather",16057,"Idaho","Latah",2015-11-19 05:00:00,0.25,2015-11-19 05:15:00,326,326,326
"Idaho",2015-11-17 13:30:00,2015-11-17 13:30:00,"Severe Weather",16061,"Idaho","Lewis",2015-11-18 12:00:00,0.5,2015-11-18 12:30:00,329,329,329
"Idaho",2015-11-17 13:30:00,2015-11-17 13:30:00,"Severe Weather",16069,"Idaho","Nez Perce",2015-11-18 08:00:00,0.25,2015-11-18 08:15:00,224,224,224
"Idaho",2015-11-17 13:30:00,2015-11-17 13:30:00,"Severe Weather",16069,"Idaho","Nez Perce",2015-11-18 08:45:00,0.25,2015-11-18 09:00:00,265,265,265
"Idaho",2015-11-17 13:30:00,2015-11-17 13:30:00,"Severe Weather",16079,"Idaho","Shoshone",2015-11-17 20:00:00,0.25,2015-11-17 20:15:00,2880,2880,2880
"Idaho",2015-11-17 13:30:00,2015-11-17 13:30:00,"Severe Weather",16079,"Idaho","Shoshone",2015-11-18 02:30:00,6.5,2015-11-18 09:00:00,416,19035,3351.69230769231
"Idaho",2015-11-17 13:30:00,2015-11-17 13:30:00,"Severe Weather",16079,"Idaho","Shoshone",2015-11-18 09:15:00,2.25,2015-11-18 11:30:00,8654,17312,9617.22222222222
"Idaho",2015-11-17 13:30:00,2015-11-17 13:30:00,"Severe Weather",16079,"Idaho","Shoshone",2015-11-18 11:45:00,0.75,2015-11-18 12:30:00,8657,17392,11568.6666666667
"Idaho",2015-11-17 13:30:00,2015-11-17 13:30:00,"Severe Weather",16079,"Idaho","Shoshone",2015-11-18 12:45:00,2.25,2015-11-18 15:00:00,6378,14302,7454.66666666667
"Idaho",2015-11-17 13:30:00,2015-11-17 13:30:00,"Severe Weather",16079,"Idaho","Shoshone",2015-11-18 15:45:00,0.75,2015-11-18 16:30:00,5376,6385,5712.33333333333
"Idaho",2015-11-17 13:30:00,2015-11-17 13:30:00,"Severe Weather",16079,"Idaho","Shoshone",2015-11-18 16:45:00,1.25,2015-11-18 18:00:00,3108,10302,5339
"Idaho",2015-11-17 13:30:00,2015-11-17 13:30:00,"Severe Weather",16079,"Idaho","Shoshone",2015-11-18 18:15:00,0.5,2015-11-18 18:45:00,3109,4822,3965.5
"Idaho",2015-11-17 13:30:00,2015-11-17 13:30:00,"Severe Weather",16079,"Idaho","Shoshone",2015-11-18 19:00:00,5.5,2015-11-19 00:30:00,1520,3164,1655.04545454545
"Idaho",2015-11-17 13:30:00,2015-11-17 13:30:00,"Severe Weather",16079,"Idaho","Shoshone",2015-11-19 00:45:00,1.25,2015-11-19 02:00:00,1485,3380,2016.4
"Idaho",2015-11-17 13:30:00,2015-11-17 13:30:00,"Severe Weather",16079,"Idaho","Shoshone",2015-11-19 02:15:00,2.5,2015-11-19 04:45:00,986,2162,1205.6
"Idaho",2015-11-17 13:30:00,2015-11-17 13:30:00,"Severe Weather",16009,"Idaho","Benewah",2015-11-18 03:00:00,9.5,2015-11-18 12:30:00,689,7832,4515.3947368421
"Idaho",2015-11-17 13:30:00,2015-11-17 13:30:00,"Severe Weather",16009,"Idaho","Benewah",2015-11-18 12:45:00,2.25,2015-11-18 15:00:00,4379,8756,4942.44444444444
"Idaho",2015-11-17 13:30:00,2015-11-17 13:30:00,"Severe Weather",16009,"Idaho","Benewah",2015-11-18 15:45:00,0.75,2015-11-18 16:30:00,3740,4684,4362.66666666667
"Idaho",2015-11-17 13:30:00,2015-11-17 13:30:00,"Severe Weather",16009,"Idaho","Benewah",2015-11-18 16:45:00,1.25,2015-11-18 18:00:00,2720,5335,3243.4
"Idaho",2015-11-17 13:30:00,2015-11-17 13:30:00,"Severe Weather",16009,"Idaho","Benewah",2015-11-18 18:15:00,0.5,2015-11-18 18:45:00,2720,5262,3991
"Idaho",2015-11-17 13:30:00,2015-11-17 13:30:00,"Severe Weather",16009,"Idaho","Benewah",2015-11-18 19:00:00,5.5,2015-11-19 00:30:00,980,2646,2078.18181818182
"Idaho",2015-11-17 13:30:00,2015-11-17 13:30:00,"Severe Weather",16009,"Idaho","Benewah",2015-11-19 00:45:00,1.25,2015-11-19 02:00:00,661,1525,981.2
"Idaho",2015-11-17 13:30:00,2015-11-17 13:30:00,"Severe Weather",16009,"Idaho","Benewah",2015-11-19 02:15:00,2.5,2015-11-19 04:45:00,402,774,475.2
"Idaho",2015-11-17 13:30:00,2015-11-17 13:30:00,"Severe Weather",16009,"Idaho","Benewah",2015-11-19 05:00:00,22,2015-11-20 03:00:00,220,837,538.636363636364
"Idaho",2015-11-17 13:30:00,2015-11-17 13:30:00,"Severe Weather",16017,"Idaho","Bonner",2015-11-17 22:15:00,0.5,2015-11-17 22:45:00,320,759,539.5
"Idaho",2015-11-17 13:30:00,2015-11-17 13:30:00,"Severe Weather",16017,"Idaho","Bonner",2015-11-17 23:00:00,1.25,2015-11-18 00:15:00,761,1584,932.8
"Idaho",2015-11-17 13:30:00,2015-11-17 13:30:00,"Severe Weather",16017,"Idaho","Bonner",2015-11-18 00:30:00,8.5,2015-11-18 09:00:00,1076,6668,3631.70588235294
"Idaho",2015-11-17 13:30:00,2015-11-17 13:30:00,"Severe Weather",16017,"Idaho","Bonner",2015-11-18 09:15:00,2.25,2015-11-18 11:30:00,3266,6557,3668.77777777778
"Idaho",2015-11-17 13:30:00,2015-11-17 13:30:00,"Severe Weather",16017,"Idaho","Bonner",2015-11-18 11:45:00,0.75,2015-11-18 12:30:00,3259,6580,4376
"Idaho",2015-11-17 13:30:00,2015-11-17 13:30:00,"Severe Weather",16017,"Idaho","Bonner",2015-11-18 12:45:00,2.25,2015-11-18 15:00:00,3293,6566,3659.22222222222
"Idaho",2015-11-17 13:30:00,2015-11-17 13:30:00,"Severe Weather",16017,"Idaho","Bonner",2015-11-18 15:45:00,0.75,2015-11-18 16:30:00,3472,3480,3475.33333333333
"Idaho",2015-11-17 13:30:00,2015-11-17 13:30:00,"Severe Weather",16017,"Idaho","Bonner",2015-11-18 16:45:00,1.25,2015-11-18 18:00:00,3495,7084,4242.6
"Idaho",2015-11-17 13:30:00,2015-11-17 13:30:00,"Severe Weather",16017,"Idaho","Bonner",2015-11-18 18:15:00,0.5,2015-11-18 18:45:00,3496,6998,5247
"Idaho",2015-11-17 13:30:00,2015-11-17 13:30:00,"Severe Weather",16017,"Idaho","Bonner",2015-11-18 19:00:00,5.5,2015-11-19 00:30:00,2443,5200,3208.36363636364
"Idaho",2015-11-17 13:30:00,2015-11-17 13:30:00,"Severe Weather",16017,"Idaho","Bonner",2015-11-19 00:45:00,1.25,2015-11-19 02:00:00,1925,3880,2321.8
"Idaho",2015-11-17 13:30:00,2015-11-17 13:30:00,"Severe Weather",16017,"Idaho","Bonner",2015-11-19 02:15:00,2.5,2015-11-19 04:45:00,1820,3637,2013.2
"Idaho",2015-11-17 13:30:00,2015-11-17 13:30:00,"Severe Weather",16035,"Idaho","Clearwater",2015-11-18 06:45:00,4,2015-11-18 10:45:00,256,1264,680.0625
"Idaho",2015-11-17 13:30:00,2015-11-17 13:30:00,"Severe Weather",16055,"Idaho","Kootenai",2015-11-17 23:00:00,1.25,2015-11-18 00:15:00,330,1612,674.4
"Idaho",2015-11-17 13:30:00,2015-11-17 13:30:00,"Severe Weather",16055,"Idaho","Kootenai",2015-11-18 00:30:00,8.5,2015-11-18 09:00:00,359,26543,15004.7352941176
"Idaho",2015-11-17 13:30:00,2015-11-17 13:30:00,"Severe Weather",16055,"Idaho","Kootenai",2015-11-18 09:15:00,2.25,2015-11-18 11:30:00,13748,26956,15261
"Idaho",2015-11-17 13:30:00,2015-11-17 13:30:00,"Severe Weather",16055,"Idaho","Kootenai",2015-11-18 11:45:00,0.75,2015-11-18 12:30:00,12112,27135,17602.3333333333
"Idaho",2015-11-17 13:30:00,2015-11-17 13:30:00,"Severe Weather",16055,"Idaho","Kootenai",2015-11-18 12:45:00,2.25,2015-11-18 15:00:00,10356,24274,12728.6666666667
"Idaho",2015-11-17 13:30:00,2015-11-17 13:30:00,"Severe Weather",16055,"Idaho","Kootenai",2015-11-18 15:45:00,0.75,2015-11-18 16:30:00,10421,11465,10786.6666666667
"Idaho",2015-11-17 13:30:00,2015-11-17 13:30:00,"Severe Weather",16055,"Idaho","Kootenai",2015-11-18 16:45:00,1.25,2015-11-18 18:00:00,10504,21072,12889.6
"Idaho",2015-11-17 13:30:00,2015-11-17 13:30:00,"Severe Weather",16055,"Idaho","Kootenai",2015-11-18 18:15:00,0.5,2015-11-18 18:45:00,11591,23504,17547.5
"Idaho",2015-11-17 13:30:00,2015-11-17 13:30:00,"Severe Weather",16055,"Idaho","Kootenai",2015-11-18 19:00:00,5.5,2015-11-19 00:30:00,11009,22424,12025.1363636364
"Idaho",2015-11-17 13:30:00,2015-11-17 13:30:00,"Severe Weather",16055,"Idaho","Kootenai",2015-11-19 00:45:00,1.25,2015-11-19 02:00:00,11054,22178,13309
"Idaho",2015-11-17 13:30:00,2015-11-17 13:30:00,"Severe Weather",16055,"Idaho","Kootenai",2015-11-19 02:15:00,2.5,2015-11-19 04:45:00,11099,22214,12215.7
"Idaho",2015-11-17 13:30:00,2015-11-17 13:30:00,"Severe Weather",16057,"Idaho","Latah",2015-11-18,1.75,2015-11-18 01:45:00,334,357,353.285714285714
"Idaho",2015-11-17 13:30:00,2015-11-17 13:30:00,"Severe Weather",16057,"Idaho","Latah",2015-11-18 03:15:00,11.75,2015-11-18 15:00:00,320,6937,2838.29787234043
"Idaho",2015-11-17 13:30:00,2015-11-17 13:30:00,"Severe Weather",16057,"Idaho","Latah",2015-11-18 15:45:00,0.75,2015-11-18 16:30:00,205,356,304.666666666667
"Idaho",2015-11-17 13:30:00,2015-11-17 13:30:00,"Severe Weather",16057,"Idaho","Latah",2015-11-18 16:45:00,1.25,2015-11-18 18:00:00,278,497,334.4
"Idaho",2015-11-17 13:30:00,2015-11-17 13:30:00,"Severe Weather",16057,"Idaho","Latah",2015-11-18 18:15:00,0.5,2015-11-18 18:45:00,301,522,411.5
"Idaho",2015-11-17 13:30:00,2015-11-17 13:30:00,"Severe Weather",16057,"Idaho","Latah",2015-11-18 19:00:00,1.5,2015-11-18 20:30:00,226,330,278.833333333333
"Idaho",2015-11-17 13:30:00,2015-11-17 13:30:00,"Severe Weather",16057,"Idaho","Latah",2015-11-19 00:15:00,0.25,2015-11-19 00:30:00,235,235,235
"Idaho",2015-11-17 13:30:00,2015-11-17 13:30:00,"Severe Weather",16057,"Idaho","Latah",2015-11-19 01:30:00,0.25,2015-11-19 01:45:00,228,228,228
"Idaho",2015-11-17 13:30:00,2015-11-17 13:30:00,"Severe Weather",16057,"Idaho","Latah",2015-11-19 02:30:00,0.25,2015-11-19 02:45:00,230,230,230
"Idaho",2015-11-17 13:30:00,2015-11-17 13:30:00,"Severe Weather",16057,"Idaho","Latah",2015-11-19 05:00:00,0.25,2015-11-19 05:15:00,326,326,326
"Idaho",2015-11-17 13:30:00,2015-11-17 13:30:00,"Severe Weather",16061,"Idaho","Lewis",2015-11-18 12:00:00,0.5,2015-11-18 12:30:00,329,329,329
"Idaho",2015-11-17 13:30:00,2015-11-17 13:30:00,"Severe Weather",16069,"Idaho","Nez Perce",2015-11-18 08:00:00,0.25,2015-11-18 08:15:00,224,224,224
"Idaho",2015-11-17 13:30:00,2015-11-17 13:30:00,"Severe Weather",16069,"Idaho","Nez Perce",2015-11-18 08:45:00,0.25,2015-11-18 09:00:00,265,265,265
"Idaho",2015-11-17 13:30:00,2015-11-17 13:30:00,"Severe Weather",16079,"Idaho","Shoshone",2015-11-17 20:00:00,0.25,2015-11-17 20:15:00,2880,2880,2880
"Idaho",2015-11-17 13:30:00,2015-11-17 13:30:00,"Severe Weather",16079,"Idaho","Shoshone",2015-11-18 02:30:00,6.5,2015-11-18 09:00:00,416,19035,3351.69230769231
"Idaho",2015-11-17 13:30:00,2015-11-17 13:30:00,"Severe Weather",16079,"Idaho","Shoshone",2015-11-18 09:15:00,2.25,2015-11-18 11:30:00,8654,17312,9617.22222222222
"Idaho",2015-11-17 13:30:00,2015-11-17 13:30:00,"Severe Weather",16079,"Idaho","Shoshone",2015-11-18 11:45:00,0.75,2015-11-18 12:30:00,8657,17392,11568.6666666667
"Idaho",2015-11-17 13:30:00,2015-11-17 13:30:00,"Severe Weather",16079,"Idaho","Shoshone",2015-11-18 12:45:00,2.25,2015-11-18 15:00:00,6378,14302,7454.66666666667
"Idaho",2015-11-17 13:30:00,2015-11-17 13:30:00,"Severe Weather",16079,"Idaho","Shoshone",2015-11-18 15:45:00,0.75,2015-11-18 16:30:00,5376,6385,5712.33333333333
"Idaho",2015-11-17 13:30:00,2015-11-17 13:30:00,"Severe Weather",16079,"Idaho","Shoshone",2015-11-18 16:45:00,1.25,2015-11-18 18:00:00,3108,10302,5339
"Idaho",2015-11-17 13:30:00,2015-11-17 13:30:00,"Severe Weather",16079,"Idaho","Shoshone",2015-11-18 18:15:00,0.5,2015-11-18 18:45:00,3109,4822,3965.5
"Idaho",2015-11-17 13:30:00,2015-11-17 13:30:00,"Severe Weather",16079,"Idaho","Shoshone",2015-11-18 19:00:00,5.5,2015-11-19 00:30:00,1520,3164,1655.04545454545
"Idaho",2015-11-17 13:30:00,2015-11-17 13:30:00,"Severe Weather",16079,"Idaho","Shoshone",2015-11-19 00:45:00,1.25,2015-11-19 02:00:00,1485,3380,2016.4
"Idaho",2015-11-17 13:30:00,2015-11-17 13:30:00,"Severe Weather",16079,"Idaho","Shoshone",2015-11-19 02:15:00,2.5,2015-11-19 04:45:00,986,2162,1205.6
"Idaho",2015-11-17 13:30:00,2015-11-17 13:30:00,"Severe Weather",16009,"Idaho","Benewah",2015-11-18 03:00:00,9.5,2015-11-18 12:30:00,689,7832,4515.3947368421
"Idaho",2015-11-17 13:30:00,2015-11-17 13:30:00,"Severe Weather",16009,"Idaho","Benewah",2015-11-18 12:45:00,2.25,2015-11-18 15:00:00,4379,8756,4942.44444444444
"Idaho",2015-11-17 13:30:00,2015-11-17 13:30:00,"Severe Weather",16009,"Idaho","Benewah",2015-11-18 15:45:00,0.75,2015-11-18 16:30:00,3740,4684,4362.66666666667
"Idaho",2015-11-17 13:30:00,2015-11-17 13:30:00,"Severe Weather",16009,"Idaho","Benewah",2015-11-18 16:45:00,1.25,2015-11-18 18:00:00,2720,5335,3243.4
"Idaho",2015-11-17 13:30:00,2015-11-17 13:30:00,"Severe Weather",16009,"Idaho","Benewah",2015-11-18 18:15:00,0.5,2015-11-18 18:45:00,2720,5262,3991
"Idaho",2015-11-17 13:30:00,2015-11-17 13:30:00,"Severe Weather",16009,"Idaho","Benewah",2015-11-18 19:00:00,5.5,2015-11-19 00:30:00,980,2646,2078.18181818182
"Idaho",2015-11-17 13:30:00,2015-11-17 13:30:00,"Severe Weather",16009,"Idaho","Benewah",2015-11-19 00:45:00,1.25,2015-11-19 02:00:00,661,1525,981.2
"Idaho",2015-11-17 13:30:00,2015-11-17 13:30:00,"Severe Weather",16009,"Idaho","Benewah",2015-11-19 02:15:00,2.5,2015-11-19 04:45:00,402,774,475.2
"Idaho",2015-11-17 13:30:00,2015-11-17 13:30:00,"Severe Weather",16009,"Idaho","Benewah",2015-11-19 05:00:00,22,2015-11-20 03:00:00,220,837,538.636363636364
"Idaho",2015-11-17 13:30:00,2015-11-17 13:30:00,"Severe Weather",16017,"Idaho","Bonner",2015-11-17 22:15:00,0.5,2015-11-17 22:45:00,320,759,539.5
"Idaho",2015-11-17 13:30:00,2015-11-17 13:30:00,"Severe Weather",16017,"Idaho","Bonner",2015-11-17 23:00:00,1.25,2015-11-18 00:15:00,761,1584,932.8
"Idaho",2015-11-17 13:30:00,2015-11-17 13:30:00,"Severe Weather",16017,"Idaho","Bonner",2015-11-18 00:30:00,8.5,2015-11-18 09:00:00,1076,6668,3631.70588235294
"Idaho",2015-11-17 13:30:00,2015-11-17 13:30:00,"Severe Weather",16017,"Idaho","Bonner",2015-11-18 09:15:00,2.25,2015-11-18 11:30:00,3266,6557,3668.77777777778
"Idaho",2015-11-17 13:30:00,2015-11-17 13:30:00,"Severe Weather",16017,"Idaho","Bonner",2015-11-18 11:45:00,0.75,2015-11-18 12:30:00,3259,6580,4376
"Idaho",2015-11-17 13:30:00,2015-11-17 13:30:00,"Severe Weather",16017,"Idaho","Bonner",2015-11-18 12:45:00,2.25,2015-11-18 15:00:00,3293,6566,3659.22222222222
"Idaho",2015-11-17 13:30:00,2015-11-17 13:30:00,"Severe Weather",16017,"Idaho","Bonner",2015-11-18 15:45:00,0.75,2015-11-18 16:30:00,3472,3480,3475.33333333333
"Idaho",2015-11-17 13:30:00,2015-11-17 13:30:00,"Severe Weather",16017,"Idaho","Bonner",2015-11-18 16:45:00,1.25,2015-11-18 18:00:00,3495,7084,4242.6
"Idaho",2015-11-17 13:30:00,2015-11-17 13:30:00,"Severe Weather",16017,"Idaho","Bonner",2015-11-18 18:15:00,0.5,2015-11-18 18:45:00,3496,6998,5247
"Idaho",2015-11-17 13:30:00,2015-11-17 13:30:00,"Severe Weather",16017,"Idaho","Bonner",2015-11-18 19:00:00,5.5,2015-11-19 00:30:00,2443,5200,3208.36363636364
"Idaho",2015-11-17 13:30:00,2015-11-17 13:30:00,"Severe Weather",16017,"Idaho","Bonner",2015-11-19 00:45:00,1.25,2015-11-19 02:00:00,1925,3880,2321.8
"Idaho",2015-11-17 13:30:00,2015-11-17 13:30:00,"Severe Weather",16017,"Idaho","Bonner",2015-11-19 02:15:00,2.5,2015-11-19 04:45:00,1820,3637,2013.2
"Idaho",2015-11-17 13:30:00,2015-11-17 13:30:00,"Severe Weather",16035,"Idaho","Clearwater",2015-11-18 06:45:00,4,2015-11-18 10:45:00,256,1264,680.0625
"Idaho",2015-11-17 13:30:00,2015-11-17 13:30:00,"Severe Weather",16055,"Idaho","Kootenai",2015-11-17 23:00:00,1.25,2015-11-18 00:15:00,330,1612,674.4
"Idaho",2015-11-17 13:30:00,2015-11-17 13:30:00,"Severe Weather",16055,"Idaho","Kootenai",2015-11-18 00:30:00,8.5,2015-11-18 09:00:00,359,26543,15004.7352941176
"Idaho",2015-11-17 13:30:00,2015-11-17 13:30:00,"Severe Weather",16055,"Idaho","Kootenai",2015-11-18 09:15:00,2.25,2015-11-18 11:30:00,13748,26956,15261
"Idaho",2015-11-17 13:30:00,2015-11-17 13:30:00,"Severe Weather",16055,"Idaho","Kootenai",2015-11-18 11:45:00,0.75,2015-11-18 12:30:00,12112,27135,17602.3333333333
"Idaho",2015-11-17 13:30:00,2015-11-17 13:30:00,"Severe Weather",16055,"Idaho","Kootenai",2015-11-18 12:45:00,2.25,2015-11-18 15:00:00,10356,24274,12728.6666666667
"Idaho",2015-11-17 13:30:00,2015-11-17 13:30:00,"Severe Weather",16055,"Idaho","Kootenai",2015-11-18 15:45:00,0.75,2015-11-18 16:30:00,10421,11465,10786.6666666667
"Idaho",2015-11-17 13:30:00,2015-11-17 13:30:00,"Severe Weather",16055,"Idaho","Kootenai",2015-11-18 16:45:00,1.25,2015-11-18 18:00:00,10504,21072,12889.6
"Idaho",2015-11-17 13:30:00,2015-11-17 13:30:00,"Severe Weather",16055,"Idaho","Kootenai",2015-11-18 18:15:00,0.5,2015-11-18 18:45:00,11591,23504,17547.5
"Idaho",2015-11-17 13:30:00,2015-11-17 13:30:00,"Severe Weather",16055,"Idaho","Kootenai",2015-11-18 19:00:00,5.5,2015-11-19 00:30:00,11009,22424,12025.1363636364
"Idaho",2015-11-17 13:30:00,2015-11-17 13:30:00,"Severe Weather",16055,"Idaho","Kootenai",2015-11-19 00:45:00,1.25,2015-11-19 02:00:00,11054,22178,13309
"Idaho",2015-11-17 13:30:00,2015-11-17 13:30:00,"Severe Weather",16055,"Idaho","Kootenai",2015-11-19 02:15:00,2.5,2015-11-19 04:45:00,11099,22214,12215.7
"Idaho",2015-11-17 13:30:00,2015-11-17 13:30:00,"Severe Weather",16057,"Idaho","Latah",2015-11-18,1.75,2015-11-18 01:45:00,334,357,353.285714285714
"Idaho",2015-11-17 13:30:00,2015-11-17 13:30:00,"Severe Weather",16057,"Idaho","Latah",2015-11-18 03:15:00,11.75,2015-11-18 15:00:00,320,6937,2838.29787234043
"Idaho",2015-11-17 13:30:00,2015-11-17 13:30:00,"Severe Weather",16057,"Idaho","Latah",2015-11-18 15:45:00,0.75,2015-11-18 16:30:00,205,356,304.666666666667
"Idaho",2015-11-17 13:30:00,2015-11-17 13:30:00,"Severe Weather",16057,"Idaho","Latah",2015-11-18 16:45:00,1.25,2015-11-18 18:00:00,278,497,334.4
"Idaho",2015-11-17 13:30:00,2015-11-17 13:30:00,"Severe Weather",16057,"Idaho","Latah",2015-11-18 18:15:00,0.5,2015-11-18 18:45:00,301,522,411.5
"Idaho",2015-11-17 13:30:00,2015-11-17 13:30:00,"Severe Weather",16057,"Idaho","Latah",2015-11-18 19:00:00,1.5,2015-11-18 20:30:00,226,330,278.833333333333
"Idaho",2015-11-17 13:30:00,2015-11-17 13:30:00,"Severe Weather",16057,"Idaho","Latah",2015-11-19 00:15:00,0.25,2015-11-19 00:30:00,235,235,235
"Idaho",2015-11-17 13:30:00,2015-11-17 13:30:00,"Severe Weather",16057,"Idaho","Latah",2015-11-19 01:30:00,0.25,2015-11-19 01:45:00,228,228,228
"Idaho",2015-11-17 13:30:00,2015-11-17 13:30:00,"Severe Weather",16057,"Idaho","Latah",2015-11-19 02:30:00,0.25,2015-11-19 02:45:00,230,230,230
"Idaho",2015-11-17 13:30:00,2015-11-17 13:30:00,"Severe Weather",16057,"Idaho","Latah",2015-11-19 05:00:00,0.25,2015-11-19 05:15:00,326,326,326
"Idaho",2015-11-17 13:30:00,2015-11-17 13:30:00,"Severe Weather",16061,"Idaho","Lewis",2015-11-18 12:00:00,0.5,2015-11-18 12:30:00,329,329,329
"Idaho",2015-11-17 13:30:00,2015-11-17 13:30:00,"Severe Weather",16069,"Idaho","Nez Perce",2015-11-18 08:00:00,0.25,2015-11-18 08:15:00,224,224,224
"Idaho",2015-11-17 13:30:00,2015-11-17 13:30:00,"Severe Weather",16069,"Idaho","Nez Perce",2015-11-18 08:45:00,0.25,2015-11-18 09:00:00,265,265,265
"Idaho",2015-11-17 13:30:00,2015-11-17 13:30:00,"Severe Weather",16079,"Idaho","Shoshone",2015-11-17 20:00:00,0.25,2015-11-17 20:15:00,2880,2880,2880
"Idaho",2015-11-17 13:30:00,2015-11-17 13:30:00,"Severe Weather",16079,"Idaho","Shoshone",2015-11-18 02:30:00,6.5,2015-11-18 09:00:00,416,19035,3351.69230769231
"Idaho",2015-11-17 13:30:00,2015-11-17 13:30:00,"Severe Weather",16079,"Idaho","Shoshone",2015-11-18 09:15:00,2.25,2015-11-18 11:30:00,8654,17312,9617.22222222222
"Idaho",2015-11-17 13:30:00,2015-11-17 13:30:00,"Severe Weather",16079,"Idaho","Shoshone",2015-11-18 11:45:00,0.75,2015-11-18 12:30:00,8657,17392,11568.6666666667
"Idaho",2015-11-17 13:30:00,2015-11-17 13:30:00,"Severe Weather",16079,"Idaho","Shoshone",2015-11-18 12:45:00,2.25,2015-11-18 15:00:00,6378,14302,7454.66666666667
"Idaho",2015-11-17 13:30:00,2015-11-17 13:30:00,"Severe Weather",16079,"Idaho","Shoshone",2015-11-18 15:45:00,0.75,2015-11-18 16:30:00,5376,6385,5712.33333333333
"Idaho",2015-11-17 13:30:00,2015-11-17 13:30:00,"Severe Weather",16079,"Idaho","Shoshone",2015-11-18 16:45:00,1.25,2015-11-18 18:00:00,3108,10302,5339
"Idaho",2015-11-17 13:30:00,2015-11-17 13:30:00,"Severe Weather",16079,"Idaho","Shoshone",2015-11-18 18:15:00,0.5,2015-11-18 18:45:00,3109,4822,3965.5
"Idaho",2015-11-17 13:30:00,2015-11-17 13:30:00,"Severe Weather",16079,"Idaho","Shoshone",2015-11-18 19:00:00,5.5,2015-11-19 00:30:00,1520,3164,1655.04545454545
"Idaho",2015-11-17 13:30:00,2015-11-17 13:30:00,"Severe Weather",16079,"Idaho","Shoshone",2015-11-19 00:45:00,1.25,2015-11-19 02:00:00,1485,3380,2016.4
"Idaho",2015-11-17 13:30:00,2015-11-17 13:30:00,"Severe Weather",16079,"Idaho","Shoshone",2015-11-19 02:15:00,2.5,2015-11-19 04:45:00,986,2162,1205.6
"Idaho",2015-11-17 13:30:00,2015-11-17 13:30:00,"Severe Weather",16009,"Idaho","Benewah",2015-11-18 03:00:00,9.5,2015-11-18 12:30:00,689,7832,4515.3947368421
"Idaho",2015-11-17 13:30:00,2015-11-17 13:30:00,"Severe Weather",16009,"Idaho","Benewah",2015-11-18 12:45:00,2.25,2015-11-18 15:00:00,4379,8756,4942.44444444444
"Idaho",2015-11-17 13:30:00,2015-11-17 13:30:00,"Severe Weather",16009,"Idaho","Benewah",2015-11-18 15:45:00,0.75,2015-11-18 16:30:00,3740,4684,4362.66666666667
"Idaho",2015-11-17 13:30:00,2015-11-17 13:30:00,"Severe Weather",16009,"Idaho","Benewah",2015-11-18 16:45:00,1.25,2015-11-18 18:00:00,2720,5335,3243.4
"Idaho",2015-11-17 13:30:00,2015-11-17 13:30:00,"Severe Weather",16009,"Idaho","Benewah",2015-11-18 18:15:00,0.5,2015-11-18 18:45:00,2720,5262,3991
"Idaho",2015-11-17 13:30:00,2015-11-17 13:30:00,"Severe Weather",16009,"Idaho","Benewah",2015-11-18 19:00:00,5.5,2015-11-19 00:30:00,980,2646,2078.18181818182
"Idaho",2015-11-17 13:30:00,2015-11-17 13:30:00,"Severe Weather",16009,"Idaho","Benewah",2015-11-19 00:45:00,1.25,2015-11-19 02:00:00,661,1525,981.2
"Idaho",2015-11-17 13:30:00,2015-11-17 13:30:00,"Severe Weather",16009,"Idaho","Benewah",2015-11-19 02:15:00,2.5,2015-11-19 04:45:00,402,774,475.2
"Idaho",2015-11-17 13:30:00,2015-11-17 13:30:00,"Severe Weather",16009,"Idaho","Benewah",2015-11-19 05:00:00,22,2015-11-20 03:00:00,220,837,538.636363636364
"Idaho",2015-11-17 13:30:00,2015-11-17 13:30:00,"Severe Weather",16017,"Idaho","Bonner",2015-11-17 22:15:00,0.5,2015-11-17 22:45:00,320,759,539.5
"Idaho",2015-11-17 13:30:00,2015-11-17 13:30:00,"Severe Weather",16017,"Idaho","Bonner",2015-11-17 23:00:00,1.25,2015-11-18 00:15:00,761,1584,932.8
"Idaho",2015-11-17 13:30:00,2015-11-17 13:30:00,"Severe Weather",16017,"Idaho","Bonner",2015-11-18 00:30:00,8.5,2015-11-18 09:00:00,1076,6668,3631.70588235294
"Idaho",2015-11-17 13:30:00,2015-11-17 13:30:00,"Severe Weather",16017,"Idaho","Bonner",2015-11-18 09:15:00,2.25,2015-11-18 11:30:00,3266,6557,3668.77777777778
"Idaho",2015-11-17 13:30:00,2015-11-17 13:30:00,"Severe Weather",16017,"Idaho","Bonner",2015-11-18 11:45:00,0.75,2015-11-18 12:30:00,3259,6580,4376
"Idaho",2015-11-17 13:30:00,2015-11-17 13:30:00,"Severe Weather",16017,"Idaho","Bonner",2015-11-18 12:45:00,2.25,2015-11-18 15:00:00,3293,6566,3659.22222222222
"Idaho",2015-11-17 13:30:00,2015-11-17 13:30:00,"Severe Weather",16017,"Idaho","Bonner",2015-11-18 15:45:00,0.75,2015-11-18 16:30:00,3472,3480,3475.33333333333
"Idaho",2015-11-17 13:30:00,2015-11-17 13:30:00,"Severe Weather",16017,"Idaho","Bonner",2015-11-18 16:45:00,1.25,2015-11-18 18:00:00,3495,7084,4242.6
"Idaho",2015-11-17 13:30:00,2015-11-17 13:30:00,"Severe Weather",16017,"Idaho","Bonner",2015-11-18 18:15:00,0.5,2015-11-18 18:45:00,3496,6998,5247
"Idaho",2015-11-17 13:30:00,2015-11-17 13:30:00,"Severe Weather",16017,"Idaho","Bonner",2015-11-18 19:00:00,5.5,2015-11-19 00:30:00,2443,5200,3208.36363636364
"Idaho",2015-11-17 13:30:00,2015-11-17 13:30:00,"Severe Weather",16017,"Idaho","Bonner",2015-11-19 00:45:00,1.25,2015-11-19 02:00:00,1925,3880,2321.8
"Idaho",2015-11-17 13:30:00,2015-11-17 13:30:00,"Severe Weather",16017,"Idaho","Bonner",2015-11-19 02:15:00,2.5,2015-11-19 04:45:00,1820,3637,2013.2
"Idaho",2015-11-17 13:30:00,2015-11-17 13:30:00,"Severe Weather",16035,"Idaho","Clearwater",2015-11-18 06:45:00,4,2015-11-18 10:45:00,256,1264,680.0625
"Idaho",2015-11-17 13:30:00,2015-11-17 13:30:00,"Severe Weather",16055,"Idaho","Kootenai",2015-11-17 23:00:00,1.25,2015-11-18 00:15:00,330,1612,674.4
"Idaho",2015-11-17 13:30:00,2015-11-17 13:30:00,"Severe Weather",16055,"Idaho","Kootenai",2015-11-18 00:30:00,8.5,2015-11-18 09:00:00,359,26543,15004.7352941176
"Idaho",2015-11-17 13:30:00,2015-11-17 13:30:00,"Severe Weather",16055,"Idaho","Kootenai",2015-11-18 09:15:00,2.25,2015-11-18 11:30:00,13748,26956,15261
"Idaho",2015-11-17 13:30:00,2015-11-17 13:30:00,"Severe Weather",16055,"Idaho","Kootenai",2015-11-18 11:45:00,0.75,2015-11-18 12:30:00,12112,27135,17602.3333333333
"Idaho",2015-11-17 13:30:00,2015-11-17 13:30:00,"Severe Weather",16055,"Idaho","Kootenai",2015-11-18 12:45:00,2.25,2015-11-18 15:00:00,10356,24274,12728.6666666667
"Idaho",2015-11-17 13:30:00,2015-11-17 13:30:00,"Severe Weather",16055,"Idaho","Kootenai",2015-11-18 15:45:00,0.75,2015-11-18 16:30:00,10421,11465,10786.6666666667
"Idaho",2015-11-17 13:30:00,2015-11-17 13:30:00,"Severe Weather",16055,"Idaho","Kootenai",2015-11-18 16:45:00,1.25,2015-11-18 18:00:00,10504,21072,12889.6
"Idaho",2015-11-17 13:30:00,2015-11-17 13:30:00,"Severe Weather",16055,"Idaho","Kootenai",2015-11-18 18:15:00,0.5,2015-11-18 18:45:00,11591,23504,17547.5
"Idaho",2015-11-17 13:30:00,2015-11-17 13:30:00,"Severe Weather",16055,"Idaho","Kootenai",2015-11-18 19:00:00,5.5,2015-11-19 00:30:00,11009,22424,12025.1363636364
"Idaho",2015-11-17 13:30:00,2015-11-17 13:30:00,"Severe Weather",16055,"Idaho","Kootenai",2015-11-19 00:45:00,1.25,2015-11-19 02:00:00,11054,22178,13309
"Idaho",2015-11-17 13:30:00,2015-11-17 13:30:00,"Severe Weather",16055,"Idaho","Kootenai",2015-11-19 02:15:00,2.5,2015-11-19 04:45:00,11099,22214,12215.7
"Idaho",2015-11-17 13:30:00,2015-11-17 13:30:00,"Severe Weather",16057,"Idaho","Latah",2015-11-18,1.75,2015-11-18 01:45:00,334,357,353.285714285714
"Idaho",2015-11-17 13:30:00,2015-11-17 13:30:00,"Severe Weather",16057,"Idaho","Latah",2015-11-18 03:15:00,11.75,2015-11-18 15:00:00,320,6937,2838.29787234043
"Idaho",2015-11-17 13:30:00,2015-11-17 13:30:00,"Severe Weather",16057,"Idaho","Latah",2015-11-18 15:45:00,0.75,2015-11-18 16:30:00,205,356,304.666666666667
"Idaho",2015-11-17 13:30:00,2015-11-17 13:30:00,"Severe Weather",16057,"Idaho","Latah",2015-11-18 16:45:00,1.25,2015-11-18 18:00:00,278,497,334.4
"Idaho",2015-11-17 13:30:00,2015-11-17 13:30:00,"Severe Weather",16057,"Idaho","Latah",2015-11-18 18:15:00,0.5,2015-11-18 18:45:00,301,522,411.5
"Idaho",2015-11-17 13:30:00,2015-11-17 13:30:00,"Severe Weather",16057,"Idaho","Latah",2015-11-18 19:00:00,1.5,2015-11-18 20:30:00,226,330,278.833333333333
"Idaho",2015-11-17 13:30:00,2015-11-17 13:30:00,"Severe Weather",16057,"Idaho","Latah",2015-11-19 00:15:00,0.25,2015-11-19 00:30:00,235,235,235
"Idaho",2015-11-17 13:30:00,2015-11-17 13:30:00,"Severe Weather",16057,"Idaho","Latah",2015-11-19 01:30:00,0.25,2015-11-19 01:45:00,228,228,228
"Idaho",2015-11-17 13:30:00,2015-11-17 13:30:00,"Severe Weather",16057,"Idaho","Latah",2015-11-19 02:30:00,0.25,2015-11-19 02:45:00,230,230,230
"Idaho",2015-11-17 13:30:00,2015-11-17 13:30:00,"Severe Weather",16057,"Idaho","Latah",2015-11-19 05:00:00,0.25,2015-11-19 05:15:00,326,326,326
"Idaho",2015-11-17 13:30:00,2015-11-17 13:30:00,"Severe Weather",16061,"Idaho","Lewis",2015-11-18 12:00:00,0.5,2015-11-18 12:30:00,329,329,329
"Idaho",2015-11-17 13:30:00,2015-11-17 13:30:00,"Severe Weather",16069,"Idaho","Nez Perce",2015-11-18 08:00:00,0.25,2015-11-18 08:15:00,224,224,224
"Idaho",2015-11-17 13:30:00,2015-11-17 13:30:00,"Severe Weather",16069,"Idaho","Nez Perce",2015-11-18 08:45:00,0.25,2015-11-18 09:00:00,265,265,265
"Idaho",2015-11-17 13:30:00,2015-11-17 13:30:00,"Severe Weather",16079,"Idaho","Shoshone",2015-11-17 20:00:00,0.25,2015-11-17 20:15:00,2880,2880,2880
"Idaho",2015-11-17 13:30:00,2015-11-17 13:30:00,"Severe Weather",16079,"Idaho","Shoshone",2015-11-18 02:30:00,6.5,2015-11-18 09:00:00,416,19035,3351.69230769231
"Idaho",2015-11-17 13:30:00,2015-11-17 13:30:00,"Severe Weather",16079,"Idaho","Shoshone",2015-11-18 09:15:00,2.25,2015-11-18 11:30:00,8654,17312,9617.22222222222
"Idaho",2015-11-17 13:30:00,2015-11-17 13:30:00,"Severe Weather",16079,"Idaho","Shoshone",2015-11-18 11:45:00,0.75,2015-11-18 12:30:00,8657,17392,11568.6666666667
"Idaho",2015-11-17 13:30:00,2015-11-17 13:30:00,"Severe Weather",16079,"Idaho","Shoshone",2015-11-18 12:45:00,2.25,2015-11-18 15:00:00,6378,14302,7454.66666666667
"Idaho",2015-11-17 13:30:00,2015-11-17 13:30:00,"Severe Weather",16079,"Idaho","Shoshone",2015-11-18 15:45:00,0.75,2015-11-18 16:30:00,5376,6385,5712.33333333333
"Idaho",2015-11-17 13:30:00,2015-11-17 13:30:00,"Severe Weather",16079,"Idaho","Shoshone",2015-11-18 16:45:00,1.25,2015-11-18 18:00:00,3108,10302,5339
"Idaho",2015-11-17 13:30:00,2015-11-17 13:30:00,"Severe Weather",16079,"Idaho","Shoshone",2015-11-18 18:15:00,0.5,2015-11-18 18:45:00,3109,4822,3965.5
"Idaho",2015-11-17 13:30:00,2015-11-17 13:30:00,"Severe Weather",16079,"Idaho","Shoshone",2015-11-18 19:00:00,5.5,2015-11-19 00:30:00,1520,3164,1655.04545454545
"Idaho",2015-11-17 13:30:00,2015-11-17 13:30:00,"Severe Weather",16079,"Idaho","Shoshone",2015-11-19 00:45:00,1.25,2015-11-19 02:00:00,1485,3380,2016.4
"Idaho",2015-11-17 13:30:00,2015-11-17 13:30:00,"Severe Weather",16079,"Idaho","Shoshone",2015-11-19 02:15:00,2.5,2015-11-19 04:45:00,986,2162,1205.6
"Idaho",2015-11-17 13:30:00,2015-11-17 13:30:00,"Severe Weather",16009,"Idaho","Benewah",2015-11-18 03:00:00,9.5,2015-11-18 12:30:00,689,7832,4515.3947368421
"Idaho",2015-11-17 13:30:00,2015-11-17 13:30:00,"Severe Weather",16009,"Idaho","Benewah",2015-11-18 12:45:00,2.25,2015-11-18 15:00:00,4379,8756,4942.44444444444
"Idaho",2015-11-17 13:30:00,2015-11-17 13:30:00,"Severe Weather",16009,"Idaho","Benewah",2015-11-18 15:45:00,0.75,2015-11-18 16:30:00,3740,4684,4362.66666666667
"Idaho",2015-11-17 13:30:00,2015-11-17 13:30:00,"Severe Weather",16009,"Idaho","Benewah",2015-11-18 16:45:00,1.25,2015-11-18 18:00:00,2720,5335,3243.4
"Idaho",2015-11-17 13:30:00,2015-11-17 13:30:00,"Severe Weather",16009,"Idaho","Benewah",2015-11-18 18:15:00,0.5,2015-11-18 18:45:00,2720,5262,3991
"Idaho",2015-11-17 13:30:00,2015-11-17 13:30:00,"Severe Weather",16009,"Idaho","Benewah",2015-11-18 19:00:00,5.5,2015-11-19 00:30:00,980,2646,2078.18181818182
"Idaho",2015-11-17 13:30:00,2015-11-17 13:30:00,"Severe Weather",16009,"Idaho","Benewah",2015-11-19 00:45:00,1.25,2015-11-19 02:00:00,661,1525,981.2
"Idaho",2015-11-17 13:30:00,2015-11-17 13:30:00,"Severe Weather",16009,"Idaho","Benewah",2015-11-19 02:15:00,2.5,2015-11-19 04:45:00,402,774,475.2
"Idaho",2015-11-17 13:30:00,2015-11-17 13:30:00,"Severe Weather",16009,"Idaho","Benewah",2015-11-19 05:00:00,22,2015-11-20 03:00:00,220,837,538.636363636364
"Idaho",2015-11-17 13:30:00,2015-11-17 13:30:00,"Severe Weather",16017,"Idaho","Bonner",2015-11-17 22:15:00,0.5,2015-11-17 22:45:00,320,759,539.5
"Idaho",2015-11-17 13:30:00,2015-11-17 13:30:00,"Severe Weather",16017,"Idaho","Bonner",2015-11-17 23:00:00,1.25,2015-11-18 00:15:00,761,1584,932.8
"Idaho",2015-11-17 13:30:00,2015-11-17 13:30:00,"Severe Weather",16017,"Idaho","Bonner",2015-11-18 00:30:00,8.5,2015-11-18 09:00:00,1076,6668,3631.70588235294
"Idaho",2015-11-17 13:30:00,2015-11-17 13:30:00,"Severe Weather",16017,"Idaho","Bonner",2015-11-18 09:15:00,2.25,2015-11-18 11:30:00,3266,6557,3668.77777777778
"Idaho",2015-11-17 13:30:00,2015-11-17 13:30:00,"Severe Weather",16017,"Idaho","Bonner",2015-11-18 11:45:00,0.75,2015-11-18 12:30:00,3259,6580,4376
"Idaho",2015-11-17 13:30:00,2015-11-17 13:30:00,"Severe Weather",16017,"Idaho","Bonner",2015-11-18 12:45:00,2.25,2015-11-18 15:00:00,3293,6566,3659.22222222222
"Idaho",2015-11-17 13:30:00,2015-11-17 13:30:00,"Severe Weather",16017,"Idaho","Bonner",2015-11-18 15:45:00,0.75,2015-11-18 16:30:00,3472,3480,3475.33333333333
"Idaho",2015-11-17 13:30:00,2015-11-17 13:30:00,"Severe Weather",16017,"Idaho","Bonner",2015-11-18 16:45:00,1.25,2015-11-18 18:00:00,3495,7084,4242.6
"Idaho",2015-11-17 13:30:00,2015-11-17 13:30:00,"Severe Weather",16017,"Idaho","Bonner",2015-11-18 18:15:00,0.5,2015-11-18 18:45:00,3496,6998,5247
"Idaho",2015-11-17 13:30:00,2015-11-17 13:30:00,"Severe Weather",16017,"Idaho","Bonner",2015-11-18 19:00:00,5.5,2015-11-19 00:30:00,2443,5200,3208.36363636364
"Idaho",2015-11-17 13:30:00,2015-11-17 13:30:00,"Severe Weather",16017,"Idaho","Bonner",2015-11-19 00:45:00,1.25,2015-11-19 02:00:00,1925,3880,2321.8
"Idaho",2015-11-17 13:30:00,2015-11-17 13:30:00,"Severe Weather",16017,"Idaho","Bonner",2015-11-19 02:15:00,2.5,2015-11-19 04:45:00,1820,3637,2013.2
"Idaho",2015-11-17 13:30:00,2015-11-17 13:30:00,"Severe Weather",16035,"Idaho","Clearwater",2015-11-18 06:45:00,4,2015-11-18 10:45:00,256,1264,680.0625
"Idaho",2015-11-17 13:30:00,2015-11-17 13:30:00,"Severe Weather",16055,"Idaho","Kootenai",2015-11-17 23:00:00,1.25,2015-11-18 00:15:00,330,1612,674.4
"Idaho",2015-11-17 13:30:00,2015-11-17 13:30:00,"Severe Weather",16055,"Idaho","Kootenai",2015-11-18 00:30:00,8.5,2015-11-18 09:00:00,359,26543,15004.7352941176
"Idaho",2015-11-17 13:30:00,2015-11-17 13:30:00,"Severe Weather",16055,"Idaho","Kootenai",2015-11-18 09:15:00,2.25,2015-11-18 11:30:00,13748,26956,15261
"Idaho",2015-11-17 13:30:00,2015-11-17 13:30:00,"Severe Weather",16055,"Idaho","Kootenai",2015-11-18 11:45:00,0.75,2015-11-18 12:30:00,12112,27135,17602.3333333333
"Idaho",2015-11-17 13:30:00,2015-11-17 13:30:00,"Severe Weather",16055,"Idaho","Kootenai",2015-11-18 12:45:00,2.25,2015-11-18 15:00:00,10356,24274,12728.6666666667
"Idaho",2015-11-17 13:30:00,2015-11-17 13:30:00,"Severe Weather",16055,"Idaho","Kootenai",2015-11-18 15:45:00,0.75,2015-11-18 16:30:00,10421,11465,10786.6666666667
"Idaho",2015-11-17 13:30:00,2015-11-17 13:30:00,"Severe Weather",16055,"Idaho","Kootenai",2015-11-18 16:45:00,1.25,2015-11-18 18:00:00,10504,21072,12889.6
"Idaho",2015-11-17 13:30:00,2015-11-17 13:30:00,"Severe Weather",16055,"Idaho","Kootenai",2015-11-18 18:15:00,0.5,2015-11-18 18:45:00,11591,23504,17547.5
"Idaho",2015-11-17 13:30:00,2015-11-17 13:30:00,"Severe Weather",16055,"Idaho","Kootenai",2015-11-18 19:00:00,5.5,2015-11-19 00:30:00,11009,22424,12025.1363636364
"Idaho",2015-11-17 13:30:00,2015-11-17 13:30:00,"Severe Weather",16055,"Idaho","Kootenai",2015-11-19 00:45:00,1.25,2015-11-19 02:00:00,11054,22178,13309
"Idaho",2015-11-17 13:30:00,2015-11-17 13:30:00,"Severe Weather",16055,"Idaho","Kootenai",2015-11-19 02:15:00,2.5,2015-11-19 04:45:00,11099,22214,12215.7
"Idaho",2015-11-17 13:30:00,2015-11-17 13:30:00,"Severe Weather",16057,"Idaho","Latah",2015-11-18,1.75,2015-11-18 01:45:00,334,357,353.285714285714
"Idaho",2015-11-17 13:30:00,2015-11-17 13:30:00,"Severe Weather",16057,"Idaho","Latah",2015-11-18 03:15:00,11.75,2015-11-18 15:00:00,320,6937,2838.29787234043
"Idaho",2015-11-17 13:30:00,2015-11-17 13:30:00,"Severe Weather",16057,"Idaho","Latah",2015-11-18 15:45:00,0.75,2015-11-18 16:30:00,205,356,304.666666666667
"Idaho",2015-11-17 13:30:00,2015-11-17 13:30:00,"Severe Weather",16057,"Idaho","Latah",2015-11-18 16:45:00,1.25,2015-11-18 18:00:00,278,497,334.4
"Idaho",2015-11-17 13:30:00,2015-11-17 13:30:00,"Severe Weather",16057,"Idaho","Latah",2015-11-18 18:15:00,0.5,2015-11-18 18:45:00,301,522,411.5
"Idaho",2015-11-17 13:30:00,2015-11-17 13:30:00,"Severe Weather",16057,"Idaho","Latah",2015-11-18 19:00:00,1.5,2015-11-18 20:30:00,226,330,278.833333333333
"Idaho",2015-11-17 13:30:00,2015-11-17 13:30:00,"Severe Weather",16057,"Idaho","Latah",2015-11-19 00:15:00,0.25,2015-11-19 00:30:00,235,235,235
"Idaho",2015-11-17 13:30:00,2015-11-17 13:30:00,"Severe Weather",16057,"Idaho","Latah",2015-11-19 01:30:00,0.25,2015-11-19 01:45:00,228,228,228
"Idaho",2015-11-17 13:30:00,2015-11-17 13:30:00,"Severe Weather",16057,"Idaho","Latah",2015-11-19 02:30:00,0.25,2015-11-19 02:45:00,230,230,230
"Idaho",2015-11-17 13:30:00,2015-11-17 13:30:00,"Severe Weather",16057,"Idaho","Latah",2015-11-19 05:00:00,0.25,2015-11-19 05:15:00,326,326,326
"Idaho",2015-11-17 13:30:00,2015-11-17 13:30:00,"Severe Weather",16061,"Idaho","Lewis",2015-11-18 12:00:00,0.5,2015-11-18 12:30:00,329,329,329
"Idaho",2015-11-17 13:30:00,2015-11-17 13:30:00,"Severe Weather",16069,"Idaho","Nez Perce",2015-11-18 08:00:00,0.25,2015-11-18 08:15:00,224,224,224
"Idaho",2015-11-17 13:30:00,2015-11-17 13:30:00,"Severe Weather",16069,"Idaho","Nez Perce",2015-11-18 08:45:00,0.25,2015-11-18 09:00:00,265,265,265
"Idaho",2015-11-17 13:30:00,2015-11-17 13:30:00,"Severe Weather",16079,"Idaho","Shoshone",2015-11-17 20:00:00,0.25,2015-11-17 20:15:00,2880,2880,2880
"Idaho",2015-11-17 13:30:00,2015-11-17 13:30:00,"Severe Weather",16079,"Idaho","Shoshone",2015-11-18 02:30:00,6.5,2015-11-18 09:00:00,416,19035,3351.69230769231
"Idaho",2015-11-17 13:30:00,2015-11-17 13:30:00,"Severe Weather",16079,"Idaho","Shoshone",2015-11-18 09:15:00,2.25,2015-11-18 11:30:00,8654,17312,9617.22222222222
"Idaho",2015-11-17 13:30:00,2015-11-17 13:30:00,"Severe Weather",16079,"Idaho","Shoshone",2015-11-18 11:45:00,0.75,2015-11-18 12:30:00,8657,17392,11568.6666666667
"Idaho",2015-11-17 13:30:00,2015-11-17 13:30:00,"Severe Weather",16079,"Idaho","Shoshone",2015-11-18 12:45:00,2.25,2015-11-18 15:00:00,6378,14302,7454.66666666667
"Idaho",2015-11-17 13:30:00,2015-11-17 13:30:00,"Severe Weather",16079,"Idaho","Shoshone",2015-11-18 15:45:00,0.75,2015-11-18 16:30:00,5376,6385,5712.33333333333
"Idaho",2015-11-17 13:30:00,2015-11-17 13:30:00,"Severe Weather",16079,"Idaho","Shoshone",2015-11-18 16:45:00,1.25,2015-11-18 18:00:00,3108,10302,5339
"Idaho",2015-11-17 13:30:00,2015-11-17 13:30:00,"Severe Weather",16079,"Idaho","Shoshone",2015-11-18 18:15:00,0.5,2015-11-18 18:45:00,3109,4822,3965.5
"Idaho",2015-11-17 13:30:00,2015-11-17 13:30:00,"Severe Weather",16079,"Idaho","Shoshone",2015-11-18 19:00:00,5.5,2015-11-19 00:30:00,1520,3164,1655.04545454545
"Idaho",2015-11-17 13:30:00,2015-11-17 13:30:00,"Severe Weather",16079,"Idaho","Shoshone",2015-11-19 00:45:00,1.25,2015-11-19 02:00:00,1485,3380,2016.4
"Idaho",2015-11-17 13:30:00,2015-11-17 13:30:00,"Severe Weather",16079,"Idaho","Shoshone",2015-11-19 02:15:00,2.5,2015-11-19 04:45:00,986,2162,1205.6
"Idaho",2016-07-19 15:45:00,2016-07-19 19:29:00,"System Operations",16001,"Idaho","Ada",2016-07-20 02:45:00,7,2016-07-20 09:45:00,2538,3280,2564.5
"Idaho",2016-07-19 15:45:00,2016-07-19 19:29:00,"System Operations",16001,"Idaho","Ada",2016-07-20 11:15:00,8,2016-07-20 19:15:00,2538,3326,2587.6875
"Idaho",2016-07-19 15:45:00,2016-07-19 19:29:00,"System Operations",16001,"Idaho","Ada",2016-07-21 19:15:00,0.75,2016-07-21 20:00:00,790,790,790
"Idaho",2016-07-19 15:45:00,2016-07-19 19:29:00,"System Operations",16005,"Idaho","Bannock",2016-07-21 01:15:00,0.5,2016-07-21 01:45:00,2379,2379,2379
"Idaho",2016-07-19 15:45:00,2016-07-19 19:29:00,"System Operations",16083,"Idaho","Twin Falls",2016-07-20 16:15:00,0.25,2016-07-20 16:30:00,259,259,259
"Idaho",2016-07-19 15:45:00,2016-07-19 19:29:00,"System Operations",16083,"Idaho","Twin Falls",2016-07-20 18:15:00,0.25,2016-07-20 18:30:00,419,419,419
"Idaho",2016-07-19 15:45:00,2016-07-19 19:25:00,"System Operations",16001,"Idaho","Ada",2016-07-20 02:45:00,7,2016-07-20 09:45:00,2538,3280,2564.5
"Idaho",2016-07-19 15:45:00,2016-07-19 19:25:00,"System Operations",16001,"Idaho","Ada",2016-07-20 11:15:00,8,2016-07-20 19:15:00,2538,3326,2587.6875
"Idaho",2016-07-19 15:45:00,2016-07-19 19:25:00,"System Operations",16001,"Idaho","Ada",2016-07-21 19:15:00,0.75,2016-07-21 20:00:00,790,790,790
"Idaho",2016-07-19 15:45:00,2016-07-19 19:25:00,"System Operations",16005,"Idaho","Bannock",2016-07-21 01:15:00,0.5,2016-07-21 01:45:00,2379,2379,2379
"Idaho",2016-07-19 15:45:00,2016-07-19 19:25:00,"System Operations",16083,"Idaho","Twin Falls",2016-07-20 16:15:00,0.25,2016-07-20 16:30:00,259,259,259
"Idaho",2016-07-19 15:45:00,2016-07-19 19:25:00,"System Operations",16083,"Idaho","Twin Falls",2016-07-20 18:15:00,0.25,2016-07-20 18:30:00,419,419,419
"Idaho",2016-03-01 13:35:00,2016-03-01 13:35:00,"Vandalism",16049,"Idaho","Idaho",2016-03-03 15:00:00,2.75,2016-03-03 17:45:00,306,561,537.818181818182
"Idaho",2016-03-01 13:35:00,2016-03-01 13:35:00,"Vandalism",16049,"Idaho","Idaho",2016-03-03 18:00:00,0.75,2016-03-03 18:45:00,561,1122,748
"Idaho",2016-03-01 13:35:00,2016-03-01 13:35:00,"Vandalism",16055,"Idaho","Kootenai",2016-03-01 16:30:00,0.25,2016-03-01 16:45:00,318,318,318
"Idaho",2017-06-30 07:45:00,2017-06-30 07:46:00,"Vandalism",16035,"Idaho","Clearwater",2017-06-30 19:30:00,1,2017-06-30 20:30:00,555,555,555
"Idaho",2017-05-21 16:44:00,2017-05-21 17:43:00,"Vandalism",16001,"Idaho","Ada",2017-05-22 15:15:00,1.25,2017-05-22 16:30:00,292,325,311.8
"Idaho",2017-05-21 16:44:00,2017-05-21 17:43:00,"Vandalism",16001,"Idaho","Ada",2017-05-22 16:45:00,1.5,2017-05-22 18:15:00,343,343,343
"Idaho",2017-05-21 16:44:00,2017-05-21 17:43:00,"Vandalism",16013,"Idaho","Blaine",2017-05-21 23:15:00,0.5,2017-05-21 23:45:00,1115,1115,1115
"Idaho",2017-05-21 16:44:00,2017-05-21 17:43:00,"Vandalism",16013,"Idaho","Blaine",2017-05-22 18:45:00,0.25,2017-05-22 19:00:00,534,534,534
"Idaho",2017-05-21 16:44:00,2017-05-21 17:43:00,"Vandalism",16013,"Idaho","Blaine",2017-05-23 13:15:00,2.5,2017-05-23 15:45:00,530,530,530
"Idaho",2017-05-21 16:44:00,2017-05-21 17:43:00,"Vandalism",16017,"Idaho","Bonner",2017-05-24 13:15:00,3,2017-05-24 16:15:00,299,829,716.75
"Idaho",2017-05-21 16:44:00,2017-05-21 17:43:00,"Vandalism",16017,"Idaho","Bonner",2017-05-24 16:30:00,0.75,2017-05-24 17:15:00,772,773,772.666666666667
"Idaho",2017-05-21 16:44:00,2017-05-21 17:43:00,"Vandalism",16055,"Idaho","Kootenai",2017-05-23 15:15:00,0.25,2017-05-23 15:30:00,2494,2494,2494
"Idaho",2017-05-21 16:44:00,2017-05-21 17:43:00,"Vandalism",16063,"Idaho","Lincoln",2017-05-21 23:15:00,0.5,2017-05-21 23:45:00,640,640,640
"Idaho",2017-05-21 16:44:00,2017-05-21 17:43:00,"Vandalism",16085,"Idaho","Valley",2017-05-23 16:15:00,2,2017-05-23 18:15:00,221,221,221
"Idaho",2017-07-06,2017-07-06,"Vandalism",16039,"Idaho","Elmore",2017-07-07 11:30:00,0.25,2017-07-07 11:45:00,1718,1718,1718
"Idaho",2017-07-06,2017-07-06,"Vandalism",16069,"Idaho","Nez Perce",2017-07-06 16:00:00,2.25,2017-07-06 18:15:00,210,1622,1152.55555555556
"Idaho",2017-05-21 16:44:00,2017-05-21 17:43:00,"Vandalism",16001,"Idaho","Ada",2017-05-22 15:15:00,1.25,2017-05-22 16:30:00,292,325,311.8
"Idaho",2017-05-21 16:44:00,2017-05-21 17:43:00,"Vandalism",16001,"Idaho","Ada",2017-05-22 16:45:00,1.5,2017-05-22 18:15:00,343,343,343
"Idaho",2017-05-21 16:44:00,2017-05-21 17:43:00,"Vandalism",16013,"Idaho","Blaine",2017-05-21 23:15:00,0.5,2017-05-21 23:45:00,1115,1115,1115
"Idaho",2017-05-21 16:44:00,2017-05-21 17:43:00,"Vandalism",16013,"Idaho","Blaine",2017-05-22 18:45:00,0.25,2017-05-22 19:00:00,534,534,534
"Idaho",2017-05-21 16:44:00,2017-05-21 17:43:00,"Vandalism",16013,"Idaho","Blaine",2017-05-23 13:15:00,2.5,2017-05-23 15:45:00,530,530,530
"Idaho",2017-05-21 16:44:00,2017-05-21 17:43:00,"Vandalism",16017,"Idaho","Bonner",2017-05-24 13:15:00,3,2017-05-24 16:15:00,299,829,716.75
"Idaho",2017-05-21 16:44:00,2017-05-21 17:43:00,"Vandalism",16017,"Idaho","Bonner",2017-05-24 16:30:00,0.75,2017-05-24 17:15:00,772,773,772.666666666667
"Idaho",2017-05-21 16:44:00,2017-05-21 17:43:00,"Vandalism",16055,"Idaho","Kootenai",2017-05-23 15:15:00,0.25,2017-05-23 15:30:00,2494,2494,2494
"Idaho",2017-05-21 16:44:00,2017-05-21 17:43:00,"Vandalism",16063,"Idaho","Lincoln",2017-05-21 23:15:00,0.5,2017-05-21 23:45:00,640,640,640
"Idaho",2017-05-21 16:44:00,2017-05-21 17:43:00,"Vandalism",16085,"Idaho","Valley",2017-05-23 16:15:00,2,2017-05-23 18:15:00,221,221,221
"Idaho",2019-07-02 13:00:00,2019-07-02 13:22:00,"Vandalism",16001,"Idaho","Ada",2019-07-02 20:30:00,2,2019-07-02 22:30:00,647,647,647
"Idaho",2019-07-02 13:00:00,2019-07-02 13:22:00,"Vandalism",16001,"Idaho","Ada",2019-07-03 18:15:00,0.75,2019-07-03 19:00:00,385,407,392.333333333333
"Idaho",2019-07-02 13:00:00,2019-07-02 13:22:00,"Vandalism",16001,"Idaho","Ada",2019-07-04 12:45:00,1,2019-07-04 13:45:00,1232,1232,1232
"Idaho",2019-07-02 13:00:00,2019-07-02 13:22:00,"Vandalism",16001,"Idaho","Ada",2019-07-04 15:00:00,0.75,2019-07-04 15:45:00,1868,1868,1868
"Idaho",2019-07-02 13:00:00,2019-07-02 13:22:00,"Vandalism",16011,"Idaho","Bingham",2019-07-05 02:00:00,0.5,2019-07-05 02:30:00,312,312,312
"Idaho",2019-07-02 13:00:00,2019-07-02 13:22:00,"Vandalism",16017,"Idaho","Bonner",2019-07-02 22:30:00,1.75,2019-07-03 00:15:00,211,415,384.428571428571
"Idaho",2019-07-02 13:00:00,2019-07-02 13:22:00,"Vandalism",16027,"Idaho","Canyon",2019-07-04 14:00:00,0.5,2019-07-04 14:30:00,271,271,271
"Idaho",2019-07-02 13:00:00,2019-07-02 13:22:00,"Vandalism",16035,"Idaho","Clearwater",2019-07-03 17:00:00,1,2019-07-03 18:00:00,230,230,230
"Idaho",2019-07-02 13:00:00,2019-07-02 13:22:00,"Vandalism",16049,"Idaho","Idaho",2019-07-03 17:00:00,1,2019-07-03 18:00:00,230,232,231
"Idaho",2019-07-02 13:00:00,2019-07-02 13:22:00,"Vandalism",16061,"Idaho","Lewis",2019-07-03 17:00:00,1,2019-07-03 18:00:00,230,232,231
"Idaho",2019-06-05 08:37:00,2019-06-05 08:40:00,"Vandalism",16005,"Idaho","Bannock",2019-06-06 15:15:00,1,2019-06-06 16:15:00,1141,1141,1141
"Idaho",2019-06-05 08:37:00,2019-06-05 08:40:00,"Vandalism",16005,"Idaho","Bannock",2019-06-06 16:45:00,1.25,2019-06-06 18:00:00,213,213,213
"Idaho",2019-06-05 08:37:00,2019-06-05 08:40:00,"Vandalism",16013,"Idaho","Blaine",2019-06-08 02:30:00,4.75,2019-06-08 07:15:00,321,419,347.421052631579
"Idaho",2019-06-05 08:37:00,2019-06-05 08:40:00,"Vandalism",16027,"Idaho","Canyon",2019-06-07 01:15:00,1,2019-06-07 02:15:00,834,834,834
"Idaho",2019-06-05 08:37:00,2019-06-05 08:40:00,"Vandalism",16027,"Idaho","Canyon",2019-06-07 19:45:00,0.75,2019-06-07 20:30:00,209,209,209
"Idaho",2019-06-05 08:37:00,2019-06-05 08:40:00,"Vandalism",16043,"Idaho","Fremont",2019-06-06 23:45:00,2.75,2019-06-07 02:30:00,220,481,401.363636363636
"Idaho",2019-06-05 08:37:00,2019-06-05 08:40:00,"Vandalism",16043,"Idaho","Fremont",2019-06-07 02:45:00,1.25,2019-06-07 04:00:00,241,545,449.2
"Idaho",2019-06-05 08:37:00,2019-06-05 08:40:00,"Vandalism",16043,"Idaho","Fremont",2019-06-07 08:45:00,1,2019-06-07 09:45:00,317,317,317
"Idaho",2019-06-05 08:37:00,2019-06-05 08:40:00,"Vandalism",16051,"Idaho","Jefferson",2019-06-07 03:15:00,2,2019-06-07 05:15:00,235,237,235.875
"Idaho",2019-06-05 08:37:00,2019-06-05 08:40:00,"Vandalism",16059,"Idaho","Lemhi",2019-06-07 03:15:00,5.75,2019-06-07 09:00:00,217,538,326.304347826087
"Idaho",2019-06-05 08:37:00,2019-06-05 08:40:00,"Vandalism",16065,"Idaho","Madison",2019-06-07 03:15:00,0.75,2019-06-07 04:00:00,245,246,245.666666666667
"Idaho",2019-06-05 08:37:00,2019-06-05 08:40:00,"Vandalism",16069,"Idaho","Nez Perce",2019-06-07 00:30:00,2.5,2019-06-07 03:00:00,252,252,252
"Idaho",2019-06-05 08:37:00,2019-06-05 08:40:00,"Vandalism",16079,"Idaho","Shoshone",2019-06-07 02:00:00,1.75,2019-06-07 03:45:00,303,304,303.142857142857
"Idaho",2019-06-05 08:37:00,2019-06-05 08:40:00,"Vandalism",16085,"Idaho","Valley",2019-06-06 23:30:00,0.75,2019-06-07 00:15:00,691,704,695.333333333333
"Idaho",2019-09-30 10:53:00,2019-09-30 10:54:00,"Vandalism",16001,"Idaho","Ada",2019-09-30 14:00:00,0.5,2019-09-30 14:30:00,2067,2067,2067
"Idaho",2019-09-30 10:53:00,2019-09-30 10:54:00,"Vandalism",16055,"Idaho","Kootenai",2019-10-02 17:30:00,0.75,2019-10-02 18:15:00,708,715,712.333333333333
"Idaho",2019-09-30 10:53:00,2019-09-30 10:54:00,"Vandalism",16083,"Idaho","Twin Falls",2019-09-30 12:00:00,2.75,2019-09-30 14:45:00,526,594,569.272727272727
"Idaho",2019-09-30 10:53:00,2019-09-30 10:54:00,"Vandalism",16085,"Idaho","Valley",2019-10-02 00:45:00,1.5,2019-10-02 02:15:00,262,262,262
"Idaho",2019-11-05 15:40:00,2019-11-05 17:11:00,"Vandalism",16001,"Idaho","Ada",2019-11-05 20:45:00,1.25,2019-11-05 22:00:00,1006,1006,1006
"Idaho",2019-11-05 15:40:00,2019-11-05 17:11:00,"Vandalism",16001,"Idaho","Ada",2019-11-07 17:00:00,1.5,2019-11-07 18:30:00,993,993,993
"Idaho",2019-11-05 15:40:00,2019-11-05 17:11:00,"Vandalism",16001,"Idaho","Ada",2019-11-08 06:15:00,0.75,2019-11-08 07:00:00,4051,4051,4051
"Idaho",2019-11-05 15:40:00,2019-11-05 17:11:00,"Vandalism",16001,"Idaho","Ada",2019-11-08 08:45:00,1.5,2019-11-08 10:15:00,612,1741,1291.83333333333
"Idaho",2019-06-28 14:25:00,2019-06-28 14:25:00,"Transmission Interruption",16027,"Idaho","Canyon",2019-06-28 18:45:00,0.75,2019-06-28 19:30:00,1258,2640,1718.66666666667
"Idaho",2019-06-28 14:25:00,2019-06-28 14:25:00,"Transmission Interruption",16045,"Idaho","Gem",2019-06-28 15:15:00,1.5,2019-06-28 16:45:00,490,490,490
"Idaho",2019-06-28 14:25:00,2019-06-28 14:25:00,"Transmission Interruption",16069,"Idaho","Nez Perce",2019-06-29 00:45:00,1.25,2019-06-29 02:00:00,206,206,206
"Idaho",2019-06-28 14:25:00,2019-06-28 14:25:00,"Transmission Interruption",16069,"Idaho","Nez Perce",2019-06-29 04:15:00,2.5,2019-06-29 06:45:00,201,359,277.8
"Idaho",2019-06-28 14:25:00,2019-06-28 14:25:00,"Transmission Interruption",16069,"Idaho","Nez Perce",2019-06-29 07:00:00,2.25,2019-06-29 09:15:00,358,359,358.777777777778
"Idaho",2020-09-09 11:22:00,2020-09-09 13:04:00,"Natural Disaster",16011,"Idaho","Bingham",2020-09-10 08:30:00,0.25,2020-09-10 08:45:00,209,209,209
"Idaho",2020-09-09 11:22:00,2020-09-09 13:04:00,"Natural Disaster",16051,"Idaho","Jefferson",2020-09-11 15:00:00,0.25,2020-09-11 15:15:00,536,536,536
"Idaho",2020-09-09 11:22:00,2020-09-09 13:04:00,"Natural Disaster",16059,"Idaho","Lemhi",2020-09-10 16:15:00,2.75,2020-09-10 19:00:00,335,335,335
"Idaho",2020-09-09 11:22:00,2020-09-09 13:04:00,"Natural Disaster",16065,"Idaho","Madison",2020-09-09 19:15:00,1.75,2020-09-09 21:00:00,364,444,377.714285714286
"Idaho",2020-09-09 11:22:00,2020-09-09 13:04:00,"Natural Disaster",16065,"Idaho","Madison",2020-09-11 15:00:00,0.25,2020-09-11 15:15:00,1089,1089,1089
"Idaho",2020-09-09 11:22:00,2020-09-09 13:04:00,"Natural Disaster",16069,"Idaho","Nez Perce",2020-09-09 19:15:00,0.25,2020-09-09 19:30:00,233,233,233
"Idaho",2020-09-09 11:22:00,2020-09-09 13:04:00,"Natural Disaster",16077,"Idaho","Power",2020-09-10 00:15:00,0.5,2020-09-10 00:45:00,207,207,207
"Idaho",2020-10-22 08:00:00,2020-10-22 08:01:00,"Suspicious Activity",16001,"Idaho","Ada",2020-10-24 01:30:00,1,2020-10-24 02:30:00,1873,1873,1873
"Idaho",2020-10-22 08:00:00,2020-10-22 08:01:00,"Suspicious Activity",16011,"Idaho","Bingham",2020-10-24 07:15:00,1.25,2020-10-24 08:30:00,1019,1020,1019.8
"Idaho",2020-10-22 08:00:00,2020-10-22 08:01:00,"Suspicious Activity",16011,"Idaho","Bingham",2020-10-25 02:15:00,0.75,2020-10-25 03:00:00,360,360,360
"Idaho",2020-10-22 08:00:00,2020-10-22 08:01:00,"Suspicious Activity",16017,"Idaho","Bonner",2020-10-23 15:30:00,0.75,2020-10-23 16:15:00,202,202,202
"Idaho",2020-10-22 08:00:00,2020-10-22 08:01:00,"Suspicious Activity",16017,"Idaho","Bonner",2020-10-23 23:30:00,3.5,2020-10-24 03:00:00,423,556,476.714285714286
"Idaho",2020-10-22 08:00:00,2020-10-22 08:01:00,"Suspicious Activity",16017,"Idaho","Bonner",2020-10-24 09:15:00,5.75,2020-10-24 15:00:00,316,937,589.391304347826
"Idaho",2020-10-22 08:00:00,2020-10-22 08:01:00,"Suspicious Activity",16017,"Idaho","Bonner",2020-10-24 18:30:00,4.75,2020-10-24 23:15:00,414,1183,904.736842105263
"Idaho",2020-10-22 08:00:00,2020-10-22 08:01:00,"Suspicious Activity",16017,"Idaho","Bonner",2020-10-25 06:15:00,0.75,2020-10-25 07:00:00,239,239,239
"Idaho",2020-10-22 08:00:00,2020-10-22 08:01:00,"Suspicious Activity",16019,"Idaho","Bonneville",2020-10-24 07:15:00,1.25,2020-10-24 08:30:00,544,544,544
"Idaho",2020-10-22 08:00:00,2020-10-22 08:01:00,"Suspicious Activity",16021,"Idaho","Boundary",2020-10-24 09:45:00,3.75,2020-10-24 13:30:00,201,236,229
"Idaho",2020-10-22 08:00:00,2020-10-22 08:01:00,"Suspicious Activity",16027,"Idaho","Canyon",2020-10-24 20:00:00,1.25,2020-10-24 21:15:00,790,911,862.6
"Idaho",2020-10-22 08:00:00,2020-10-22 08:01:00,"Suspicious Activity",16035,"Idaho","Clearwater",2020-10-24 05:00:00,14.75,2020-10-24 19:45:00,205,710,573.203389830509
"Idaho",2020-10-22 08:00:00,2020-10-22 08:01:00,"Suspicious Activity",16035,"Idaho","Clearwater",2020-10-25 05:00:00,1.5,2020-10-25 06:30:00,244,299,253.166666666667
"Idaho",2020-10-22 08:00:00,2020-10-22 08:01:00,"Suspicious Activity",16049,"Idaho","Idaho",2020-10-24 23:45:00,0.25,2020-10-25,684,684,684
"Idaho",2020-10-22 08:00:00,2020-10-22 08:01:00,"Suspicious Activity",16077,"Idaho","Power",2020-10-25 05:30:00,2.25,2020-10-25 07:45:00,622,1146,798.888888888889
"Idaho",2020-10-22 08:00:00,2020-10-22 08:01:00,"Suspicious Activity",16079,"Idaho","Shoshone",2020-10-23 23:45:00,21.25,2020-10-24 21:00:00,295,1697,897.035294117647
"Idaho",2020-12-14 11:00:00,2020-12-14 11:00:00,"Cyber Event",16035,"Idaho","Clearwater",2020-12-16 04:30:00,1.5,2020-12-16 06:00:00,231,231,231
"Idaho",2020-12-14 11:00:00,2020-12-14 11:00:00,"Cyber Event",16057,"Idaho","Latah",2020-12-15 15:15:00,2.75,2020-12-15 18:00:00,630,631,630.181818181818
"Idaho",2020-12-14 11:00:00,2020-12-14 11:00:00,"Cyber Event",16057,"Idaho","Latah",2020-12-15 22:00:00,0.5,2020-12-15 22:30:00,641,641,641
"Idaho",2020-12-14 11:00:00,2020-12-14 11:00:00,"Cyber Event",16083,"Idaho","Twin Falls",2020-12-16 13:30:00,1.25,2020-12-16 14:45:00,261,261,261
"Idaho",2020-06-02 14:36:00,2020-06-02 14:37:00,"Vandalism",16007,"Idaho","Bear Lake",2020-06-04 20:15:00,1.75,2020-06-04 22:00:00,203,203,203
"Idaho",2020-06-02 14:36:00,2020-06-02 14:37:00,"Vandalism",16017,"Idaho","Bonner",2020-06-04,2.25,2020-06-04 02:15:00,207,422,397.111111111111
"Idaho",2020-05-19 08:17:00,2020-05-19 08:18:00,"Vandalism",16001,"Idaho","Ada",2020-05-20 16:15:00,0.25,2020-05-20 16:30:00,208,208,208
"Idaho",2020-05-19 08:17:00,2020-05-19 08:18:00,"Vandalism",16001,"Idaho","Ada",2020-05-21 00:45:00,0.75,2020-05-21 01:30:00,479,479,479
"Idaho",2020-05-19 08:17:00,2020-05-19 08:18:00,"Vandalism",16011,"Idaho","Bingham",2020-05-21 04:00:00,0.5,2020-05-21 04:30:00,239,239,239
"Idaho",2020-05-19 08:17:00,2020-05-19 08:18:00,"Vandalism",16013,"Idaho","Blaine",2020-05-19 22:30:00,5.75,2020-05-20 04:15:00,302,710,388.217391304348
"Idaho",2020-05-19 08:17:00,2020-05-19 08:18:00,"Vandalism",16013,"Idaho","Blaine",2020-05-20 10:15:00,1,2020-05-20 11:15:00,876,876,876
"Idaho",2020-05-19 08:17:00,2020-05-19 08:18:00,"Vandalism",16013,"Idaho","Blaine",2020-05-20 23:15:00,0.75,2020-05-21,1594,1595,1594.33333333333
"Idaho",2020-05-19 08:17:00,2020-05-19 08:18:00,"Vandalism",16015,"Idaho","Boise",2020-05-20 10:15:00,3.25,2020-05-20 13:30:00,1307,1502,1454.46153846154
"Idaho",2020-05-19 08:17:00,2020-05-19 08:18:00,"Vandalism",16017,"Idaho","Bonner",2020-05-21 21:00:00,3,2020-05-22,369,371,369.916666666667
"Idaho",2020-05-19 08:17:00,2020-05-19 08:18:00,"Vandalism",16019,"Idaho","Bonneville",2020-05-19 12:15:00,0.25,2020-05-19 12:30:00,326,326,326
"Idaho",2020-05-19 08:17:00,2020-05-19 08:18:00,"Vandalism",16019,"Idaho","Bonneville",2020-05-20 21:15:00,0.5,2020-05-20 21:45:00,259,259,259
"Idaho",2020-05-19 08:17:00,2020-05-19 08:18:00,"Vandalism",16019,"Idaho","Bonneville",2020-05-21 04:00:00,0.5,2020-05-21 04:30:00,240,240,240
"Idaho",2020-05-19 08:17:00,2020-05-19 08:18:00,"Vandalism",16027,"Idaho","Canyon",2020-05-21 14:45:00,0.25,2020-05-21 15:00:00,4629,4629,4629
"Idaho",2020-05-19 08:17:00,2020-05-19 08:18:00,"Vandalism",16039,"Idaho","Elmore",2020-05-20 07:15:00,1.5,2020-05-20 08:45:00,229,247,241
"Idaho",2020-05-19 08:17:00,2020-05-19 08:18:00,"Vandalism",16049,"Idaho","Idaho",2020-05-20 02:30:00,7.75,2020-05-20 10:15:00,1236,1244,1241.93548387097
"Idaho",2020-05-19 08:17:00,2020-05-19 08:18:00,"Vandalism",16049,"Idaho","Idaho",2020-05-21 08:00:00,5,2020-05-21 13:00:00,667,667,667
"Idaho",2020-05-19 08:17:00,2020-05-19 08:18:00,"Vandalism",16051,"Idaho","Jefferson",2020-05-20 21:15:00,5.25,2020-05-21 02:30:00,222,303,230.714285714286
"Idaho",2020-05-19 08:17:00,2020-05-19 08:18:00,"Vandalism",16067,"Idaho","Minidoka",2020-05-20 03:15:00,2,2020-05-20 05:15:00,325,325,325
"Idaho",2020-05-19 08:17:00,2020-05-19 08:18:00,"Vandalism",16069,"Idaho","Nez Perce",2020-05-20 10:45:00,1.75,2020-05-20 12:30:00,290,290,290
"Idaho",2020-05-19 08:17:00,2020-05-19 08:18:00,"Vandalism",16073,"Idaho","Owyhee",2020-05-20 08:45:00,3,2020-05-20 11:45:00,254,289,268.583333333333
"Idaho",2020-05-19 08:17:00,2020-05-19 08:18:00,"Vandalism",16073,"Idaho","Owyhee",2020-05-20 16:15:00,1.25,2020-05-20 17:30:00,570,570,570
"Idaho",2020-05-19 08:17:00,2020-05-19 08:18:00,"Vandalism",16073,"Idaho","Owyhee",2020-05-20 18:00:00,3.5,2020-05-20 21:30:00,288,488,337.642857142857
"Idaho",2020-05-19 08:17:00,2020-05-19 08:18:00,"Vandalism",16083,"Idaho","Twin Falls",2020-05-22 03:45:00,1.75,2020-05-22 05:30:00,202,212,207.714285714286
"Idaho",2020-06-02 14:36:00,2020-06-02 14:37:00,"Vandalism",16007,"Idaho","Bear Lake",2020-06-04 20:15:00,1.75,2020-06-04 22:00:00,203,203,203
"Idaho",2020-06-02 14:36:00,2020-06-02 14:37:00,"Vandalism",16017,"Idaho","Bonner",2020-06-04,2.25,2020-06-04 02:15:00,207,422,397.111111111111
"Idaho",2020-06-02 14:36:00,2020-06-02 14:37:00,"Vandalism",16007,"Idaho","Bear Lake",2020-06-04 20:15:00,1.75,2020-06-04 22:00:00,203,203,203
"Idaho",2020-06-02 14:36:00,2020-06-02 14:37:00,"Vandalism",16017,"Idaho","Bonner",2020-06-04,2.25,2020-06-04 02:15:00,207,422,397.111111111111
"Idaho",2020-06-02 14:36:00,2020-06-02 14:37:00,"Vandalism",16007,"Idaho","Bear Lake",2020-06-04 20:15:00,1.75,2020-06-04 22:00:00,203,203,203
"Idaho",2020-06-02 14:36:00,2020-06-02 14:37:00,"Vandalism",16017,"Idaho","Bonner",2020-06-04,2.25,2020-06-04 02:15:00,207,422,397.111111111111
"Idaho",2021-01-13 03:43:00,2021-01-13 16:00:00,"Severe Weather",16005,"Idaho","Bannock",2021-01-14 17:15:00,2.75,2021-01-14 20:00:00,288,1259,817.636363636364
"Idaho",2021-01-13 03:43:00,2021-01-13 16:00:00,"Severe Weather",16011,"Idaho","Bingham",2021-01-14 02:45:00,0.25,2021-01-14 03:00:00,1024,1024,1024
"Idaho",2021-01-13 03:43:00,2021-01-13 16:00:00,"Severe Weather",16011,"Idaho","Bingham",2021-01-15 17:00:00,0.25,2021-01-15 17:15:00,2111,2111,2111
"Idaho",2021-01-13 03:43:00,2021-01-13 16:00:00,"Severe Weather",16017,"Idaho","Bonner",2021-01-13 11:30:00,61.25,2021-01-16 00:45:00,287,18423,3735.66530612245
"Idaho",2021-01-13 03:43:00,2021-01-13 16:00:00,"Severe Weather",16027,"Idaho","Canyon",2021-01-13 11:00:00,1.75,2021-01-13 12:45:00,472,472,472
"Idaho",2021-01-13 03:43:00,2021-01-13 16:00:00,"Severe Weather",16035,"Idaho","Clearwater",2021-01-13 16:15:00,9.5,2021-01-14 01:45:00,273,613,463.552631578947
"Idaho",2021-01-13 03:43:00,2021-01-13 16:00:00,"Severe Weather",16043,"Idaho","Fremont",2021-01-13 15:45:00,1,2021-01-13 16:45:00,2389,2390,2389.75
"Idaho",2021-01-13 03:43:00,2021-01-13 16:00:00,"Severe Weather",16049,"Idaho","Idaho",2021-01-13 14:45:00,4.25,2021-01-13 19:00:00,672,672,672
"Idaho",2021-01-13 03:43:00,2021-01-13 16:00:00,"Severe Weather",16057,"Idaho","Latah",2021-01-13 12:45:00,15.75,2021-01-14 04:30:00,210,2433,918.380952380952
"Idaho",2021-01-13 03:43:00,2021-01-13 16:00:00,"Severe Weather",16069,"Idaho","Nez Perce",2021-01-13 14:15:00,3.5,2021-01-13 17:45:00,208,1168,630.428571428571
"Idaho",2021-01-13 03:43:00,2021-01-13 16:00:00,"Severe Weather",16085,"Idaho","Valley",2021-01-13 07:30:00,1.75,2021-01-13 09:15:00,212,212,212
"Idaho",2021-01-13 03:43:00,2021-01-13 16:00:00,"Severe Weather",16087,"Idaho","Washington",2021-01-15 02:45:00,1,2021-01-15 03:45:00,714,714,714
"Idaho",2021-05-14 22:00:00,2021-05-17 06:00:00,"Vandalism",16001,"Idaho","Ada",2021-05-19 18:00:00,1.25,2021-05-19 19:15:00,351,8700,5160.6
"Idaho",2021-05-14 22:00:00,2021-05-17 06:00:00,"Vandalism",16005,"Idaho","Bannock",2021-05-17 00:30:00,0.75,2021-05-17 01:15:00,1255,1255,1255
"Idaho",2021-05-14 22:00:00,2021-05-17 06:00:00,"Vandalism",16009,"Idaho","Benewah",2021-05-15 02:45:00,6.75,2021-05-15 09:30:00,219,219,219
"Idaho",2021-05-14 22:00:00,2021-05-17 06:00:00,"Vandalism",16013,"Idaho","Blaine",2021-05-16 00:30:00,1,2021-05-16 01:30:00,1489,1489,1489
"Idaho",2021-05-14 22:00:00,2021-05-17 06:00:00,"Vandalism",16015,"Idaho","Boise",2021-05-15,0.25,2021-05-15 00:15:00,203,203,203
"Idaho",2021-05-14 22:00:00,2021-05-17 06:00:00,"Vandalism",16017,"Idaho","Bonner",2021-05-16 18:45:00,2,2021-05-16 20:45:00,592,592,592
"Idaho",2021-05-14 22:00:00,2021-05-17 06:00:00,"Vandalism",16027,"Idaho","Canyon",2021-05-19 03:15:00,3.75,2021-05-19 07:00:00,243,565,523.733333333333
"Idaho",2021-05-14 22:00:00,2021-05-17 06:00:00,"Vandalism",16031,"Idaho","Cassia",2021-05-17 02:00:00,3,2021-05-17 05:00:00,418,433,420.5
"Idaho",2021-05-14 22:00:00,2021-05-17 06:00:00,"Vandalism",16041,"Idaho","Franklin",2021-05-15 09:15:00,1.5,2021-05-15 10:45:00,545,545,545
"Idaho",2021-05-14 22:00:00,2021-05-17 06:00:00,"Vandalism",16051,"Idaho","Jefferson",2021-05-16 11:45:00,0.25,2021-05-16 12:00:00,1717,1717,1717
"Idaho",2021-05-14 22:00:00,2021-05-17 06:00:00,"Vandalism",16053,"Idaho","Jerome",2021-05-17 09:45:00,8.75,2021-05-17 18:30:00,235,331,255.742857142857
"Idaho",2021-05-14 22:00:00,2021-05-17 06:00:00,"Vandalism",16063,"Idaho","Lincoln",2021-05-17 02:00:00,6.5,2021-05-17 08:30:00,351,454,446.076923076923
"Idaho",2021-05-14 22:00:00,2021-05-17 06:00:00,"Vandalism",16065,"Idaho","Madison",2021-05-16 11:45:00,0.25,2021-05-16 12:00:00,11807,11807,11807
"Idaho",2021-05-14 22:00:00,2021-05-17 06:00:00,"Vandalism",16081,"Idaho","Teton",2021-05-17 03:15:00,0.75,2021-05-17 04:00:00,922,922,922
"Idaho",2021-12-10 12:06:00,2021-12-10 13:07:00,"Vandalism",16001,"Idaho","Ada",2021-12-10 17:45:00,0.5,2021-12-10 18:15:00,1147,1168,1157.5
"Idaho",2021-12-10 12:06:00,2021-12-10 13:07:00,"Vandalism",16003,"Idaho","Adams",2021-12-12 16:45:00,0.75,2021-12-12 17:30:00,210,229,222.666666666667
"Idaho",2021-12-10 12:06:00,2021-12-10 13:07:00,"Vandalism",16017,"Idaho","Bonner",2021-12-11 18:15:00,1.5,2021-12-11 19:45:00,453,573,504.333333333333
"Idaho",2021-12-10 12:06:00,2021-12-10 13:07:00,"Vandalism",16017,"Idaho","Bonner",2021-12-12 06:45:00,3.25,2021-12-12 10:00:00,595,595,595
"Idaho",2021-12-10 12:06:00,2021-12-10 13:07:00,"Vandalism",16027,"Idaho","Canyon",2021-12-10 20:15:00,0.25,2021-12-10 20:30:00,393,393,393
"Idaho",2021-12-10 12:06:00,2021-12-10 13:07:00,"Vandalism",16027,"Idaho","Canyon",2021-12-12 10:30:00,0.25,2021-12-12 10:45:00,661,661,661
"Idaho",2021-12-10 12:06:00,2021-12-10 13:07:00,"Vandalism",16035,"Idaho","Clearwater",2021-12-12 13:15:00,10.5,2021-12-12 23:45:00,264,334,288.047619047619
"Idaho",2021-12-10 12:06:00,2021-12-10 13:07:00,"Vandalism",16035,"Idaho","Clearwater",2021-12-13 00:15:00,3.25,2021-12-13 03:30:00,264,324,278.461538461538
"Idaho",2021-12-10 12:06:00,2021-12-10 13:07:00,"Vandalism",16035,"Idaho","Clearwater",2021-12-13 04:00:00,0.75,2021-12-13 04:45:00,334,334,334
"Idaho",2021-12-10 12:06:00,2021-12-10 13:07:00,"Vandalism",16043,"Idaho","Fremont",2021-12-12 15:00:00,0.5,2021-12-12 15:30:00,234,234,234
"Idaho",2021-12-10 12:06:00,2021-12-10 13:07:00,"Vandalism",16049,"Idaho","Idaho",2021-12-11 20:00:00,2.25,2021-12-11 22:15:00,685,696,688.555555555556
"Idaho",2021-12-10 12:06:00,2021-12-10 13:07:00,"Vandalism",16057,"Idaho","Latah",2021-12-12 16:00:00,7,2021-12-12 23:00:00,402,545,476.464285714286
"Idaho",2021-12-10 12:06:00,2021-12-10 13:07:00,"Vandalism",16075,"Idaho","Payette",2021-12-13 05:15:00,2.5,2021-12-13 07:45:00,413,413,413
"Idaho",2021-12-10 12:06:00,2021-12-10 13:07:00,"Vandalism",16085,"Idaho","Valley",2021-12-13 06:30:00,1.5,2021-12-13 08:00:00,749,749,749
"Idaho",2021-06-28 13:20:00,2021-06-28 13:20:00,"Severe Weather",16001,"Idaho","Ada",2021-06-29,5,2021-06-29 05:00:00,710,7525,3018.4
"Idaho",2021-06-28 13:20:00,2021-06-28 13:20:00,"Severe Weather",16001,"Idaho","Ada",2021-06-30 08:30:00,2,2021-06-30 10:30:00,234,270,249.875
"Idaho",2021-06-28 13:20:00,2021-06-28 13:20:00,"Severe Weather",16005,"Idaho","Bannock",2021-06-29 02:15:00,1,2021-06-29 03:15:00,536,536,536
"Idaho",2021-06-28 13:20:00,2021-06-28 13:20:00,"Severe Weather",16055,"Idaho","Kootenai",2021-06-29 01:15:00,0.75,2021-06-29 02:00:00,205,209,207.666666666667
"Idaho",2021-06-28 13:20:00,2021-06-28 13:20:00,"Severe Weather",16055,"Idaho","Kootenai",2021-06-29 04:30:00,1.5,2021-06-29 06:00:00,229,229,229
"Idaho",2021-06-28 13:20:00,2021-06-28 13:20:00,"Severe Weather",16057,"Idaho","Latah",2021-06-29 00:30:00,3,2021-06-29 03:30:00,280,280,280
"Idaho",2021-06-28 13:20:00,2021-06-28 13:20:00,"Severe Weather",16061,"Idaho","Lewis",2021-07-01 05:30:00,1.5,2021-07-01 07:00:00,588,631,610.333333333333
"Idaho",2021-06-28 13:20:00,2021-06-28 13:20:00,"Severe Weather",16069,"Idaho","Nez Perce",2021-06-28 23:45:00,2.75,2021-06-29 02:30:00,336,339,337.363636363636
"Idaho",2021-06-28 13:20:00,2021-06-28 13:20:00,"Severe Weather",16069,"Idaho","Nez Perce",2021-06-29 17:45:00,0.25,2021-06-29 18:00:00,343,343,343
"Idaho",2021-06-28 13:20:00,2021-06-28 13:20:00,"Severe Weather",16069,"Idaho","Nez Perce",2021-06-29 22:45:00,5,2021-06-30 03:45:00,248,389,271.05
"Idaho",2021-06-28 13:20:00,2021-06-28 13:20:00,"Severe Weather",16069,"Idaho","Nez Perce",2021-06-30 23:00:00,1,2021-07-01,335,336,335.5
"Idaho",2021-06-28 13:20:00,2021-06-28 13:20:00,"Severe Weather",16069,"Idaho","Nez Perce",2021-07-01 00:45:00,0.5,2021-07-01 01:15:00,208,275,241.5
"Idaho",2021-06-28 13:20:00,2021-06-28 13:20:00,"Severe Weather",16069,"Idaho","Nez Perce",2021-07-01 05:30:00,1.5,2021-07-01 07:00:00,911,1646,1286.83333333333
"Idaho",2021-06-28 13:20:00,2021-06-28 13:20:00,"Severe Weather",16083,"Idaho","Twin Falls",2021-06-29 21:45:00,0.25,2021-06-29 22:00:00,839,839,839
"Idaho",2021-06-28 13:20:00,2021-06-28 13:20:00,"Severe Weather",16001,"Idaho","Ada",2021-06-29,5,2021-06-29 05:00:00,710,7525,3018.4
"Idaho",2021-06-28 13:20:00,2021-06-28 13:20:00,"Severe Weather",16001,"Idaho","Ada",2021-06-30 08:30:00,2,2021-06-30 10:30:00,234,270,249.875
"Idaho",2021-06-28 13:20:00,2021-06-28 13:20:00,"Severe Weather",16005,"Idaho","Bannock",2021-06-29 02:15:00,1,2021-06-29 03:15:00,536,536,536
"Idaho",2021-06-28 13:20:00,2021-06-28 13:20:00,"Severe Weather",16055,"Idaho","Kootenai",2021-06-29 01:15:00,0.75,2021-06-29 02:00:00,205,209,207.666666666667
"Idaho",2021-06-28 13:20:00,2021-06-28 13:20:00,"Severe Weather",16055,"Idaho","Kootenai",2021-06-29 04:30:00,1.5,2021-06-29 06:00:00,229,229,229
"Idaho",2021-06-28 13:20:00,2021-06-28 13:20:00,"Severe Weather",16057,"Idaho","Latah",2021-06-29 00:30:00,3,2021-06-29 03:30:00,280,280,280
"Idaho",2021-06-28 13:20:00,2021-06-28 13:20:00,"Severe Weather",16061,"Idaho","Lewis",2021-07-01 05:30:00,1.5,2021-07-01 07:00:00,588,631,610.333333333333
"Idaho",2021-06-28 13:20:00,2021-06-28 13:20:00,"Severe Weather",16069,"Idaho","Nez Perce",2021-06-28 23:45:00,2.75,2021-06-29 02:30:00,336,339,337.363636363636
"Idaho",2021-06-28 13:20:00,2021-06-28 13:20:00,"Severe Weather",16069,"Idaho","Nez Perce",2021-06-29 17:45:00,0.25,2021-06-29 18:00:00,343,343,343
"Idaho",2021-06-28 13:20:00,2021-06-28 13:20:00,"Severe Weather",16069,"Idaho","Nez Perce",2021-06-29 22:45:00,5,2021-06-30 03:45:00,248,389,271.05
"Idaho",2021-06-28 13:20:00,2021-06-28 13:20:00,"Severe Weather",16069,"Idaho","Nez Perce",2021-06-30 23:00:00,1,2021-07-01,335,336,335.5
"Idaho",2021-06-28 13:20:00,2021-06-28 13:20:00,"Severe Weather",16069,"Idaho","Nez Perce",2021-07-01 00:45:00,0.5,2021-07-01 01:15:00,208,275,241.5
"Idaho",2021-06-28 13:20:00,2021-06-28 13:20:00,"Severe Weather",16069,"Idaho","Nez Perce",2021-07-01 05:30:00,1.5,2021-07-01 07:00:00,911,1646,1286.83333333333
"Idaho",2021-06-28 13:20:00,2021-06-28 13:20:00,"Severe Weather",16083,"Idaho","Twin Falls",2021-06-29 21:45:00,0.25,2021-06-29 22:00:00,839,839,839
"Idaho",2021-06-28 13:20:00,2021-06-28 13:20:00,"Severe Weather",16001,"Idaho","Ada",2021-06-29,5,2021-06-29 05:00:00,710,7525,3018.4
"Idaho",2021-06-28 13:20:00,2021-06-28 13:20:00,"Severe Weather",16001,"Idaho","Ada",2021-06-30 08:30:00,2,2021-06-30 10:30:00,234,270,249.875
"Idaho",2021-06-28 13:20:00,2021-06-28 13:20:00,"Severe Weather",16005,"Idaho","Bannock",2021-06-29 02:15:00,1,2021-06-29 03:15:00,536,536,536
"Idaho",2021-06-28 13:20:00,2021-06-28 13:20:00,"Severe Weather",16055,"Idaho","Kootenai",2021-06-29 01:15:00,0.75,2021-06-29 02:00:00,205,209,207.666666666667
"Idaho",2021-06-28 13:20:00,2021-06-28 13:20:00,"Severe Weather",16055,"Idaho","Kootenai",2021-06-29 04:30:00,1.5,2021-06-29 06:00:00,229,229,229
"Idaho",2021-06-28 13:20:00,2021-06-28 13:20:00,"Severe Weather",16057,"Idaho","Latah",2021-06-29 00:30:00,3,2021-06-29 03:30:00,280,280,280
"Idaho",2021-06-28 13:20:00,2021-06-28 13:20:00,"Severe Weather",16061,"Idaho","Lewis",2021-07-01 05:30:00,1.5,2021-07-01 07:00:00,588,631,610.333333333333
"Idaho",2021-06-28 13:20:00,2021-06-28 13:20:00,"Severe Weather",16069,"Idaho","Nez Perce",2021-06-28 23:45:00,2.75,2021-06-29 02:30:00,336,339,337.363636363636
"Idaho",2021-06-28 13:20:00,2021-06-28 13:20:00,"Severe Weather",16069,"Idaho","Nez Perce",2021-06-29 17:45:00,0.25,2021-06-29 18:00:00,343,343,343
"Idaho",2021-06-28 13:20:00,2021-06-28 13:20:00,"Severe Weather",16069,"Idaho","Nez Perce",2021-06-29 22:45:00,5,2021-06-30 03:45:00,248,389,271.05
"Idaho",2021-06-28 13:20:00,2021-06-28 13:20:00,"Severe Weather",16069,"Idaho","Nez Perce",2021-06-30 23:00:00,1,2021-07-01,335,336,335.5
"Idaho",2021-06-28 13:20:00,2021-06-28 13:20:00,"Severe Weather",16069,"Idaho","Nez Perce",2021-07-01 00:45:00,0.5,2021-07-01 01:15:00,208,275,241.5
"Idaho",2021-06-28 13:20:00,2021-06-28 13:20:00,"Severe Weather",16069,"Idaho","Nez Perce",2021-07-01 05:30:00,1.5,2021-07-01 07:00:00,911,1646,1286.83333333333
"Idaho",2021-06-28 13:20:00,2021-06-28 13:20:00,"Severe Weather",16083,"Idaho","Twin Falls",2021-06-29 21:45:00,0.25,2021-06-29 22:00:00,839,839,839
"Idaho",2021-08-21 10:14:00,2021-08-21 10:52:00,"Severe Weather",16001,"Idaho","Ada",2021-08-24 05:30:00,1.25,2021-08-24 06:45:00,249,249,249
"Idaho",2021-08-21 10:14:00,2021-08-21 10:52:00,"Severe Weather",16005,"Idaho","Bannock",2021-08-22 05:45:00,3,2021-08-22 08:45:00,1135,1895,1265.16666666667
"Idaho",2021-08-21 10:14:00,2021-08-21 10:52:00,"Severe Weather",16011,"Idaho","Bingham",2021-08-22 08:30:00,9.25,2021-08-22 17:45:00,268,3573,796.513513513514
"Idaho",2021-08-21 10:14:00,2021-08-21 10:52:00,"Severe Weather",16019,"Idaho","Bonneville",2021-08-22 08:30:00,1.5,2021-08-22 10:00:00,564,564,564
"Idaho",2021-08-21 10:14:00,2021-08-21 10:52:00,"Severe Weather",16041,"Idaho","Franklin",2021-08-21 23:30:00,2,2021-08-22 01:30:00,246,246,246
"Idaho",2021-08-21 10:14:00,2021-08-21 10:52:00,"Severe Weather",16061,"Idaho","Lewis",2021-08-22 10:30:00,2.5,2021-08-22 13:00:00,244,244,244
"Idaho",2021-08-21 10:14:00,2021-08-21 10:52:00,"Severe Weather",16077,"Idaho","Power",2021-08-22 05:15:00,1.5,2021-08-22 06:45:00,1744,1745,1744.66666666667
"Idaho",2021-08-21 10:14:00,2021-08-21 10:52:00,"Severe Weather",16079,"Idaho","Shoshone",2021-08-22,1.25,2021-08-22 01:15:00,559,3566,2964.4
"Idaho",2021-08-21 10:14:00,2021-08-21 10:52:00,"Severe Weather",16079,"Idaho","Shoshone",2021-08-22 14:00:00,1.25,2021-08-22 15:15:00,1005,1005,1005
"Idaho",2021-06-28 13:20:00,2021-06-28 13:20:00,"Severe Weather",16001,"Idaho","Ada",2021-06-29,5,2021-06-29 05:00:00,710,7525,3018.4
"Idaho",2021-06-28 13:20:00,2021-06-28 13:20:00,"Severe Weather",16001,"Idaho","Ada",2021-06-30 08:30:00,2,2021-06-30 10:30:00,234,270,249.875
"Idaho",2021-06-28 13:20:00,2021-06-28 13:20:00,"Severe Weather",16005,"Idaho","Bannock",2021-06-29 02:15:00,1,2021-06-29 03:15:00,536,536,536
"Idaho",2021-06-28 13:20:00,2021-06-28 13:20:00,"Severe Weather",16055,"Idaho","Kootenai",2021-06-29 01:15:00,0.75,2021-06-29 02:00:00,205,209,207.666666666667
"Idaho",2021-06-28 13:20:00,2021-06-28 13:20:00,"Severe Weather",16055,"Idaho","Kootenai",2021-06-29 04:30:00,1.5,2021-06-29 06:00:00,229,229,229
"Idaho",2021-06-28 13:20:00,2021-06-28 13:20:00,"Severe Weather",16057,"Idaho","Latah",2021-06-29 00:30:00,3,2021-06-29 03:30:00,280,280,280
"Idaho",2021-06-28 13:20:00,2021-06-28 13:20:00,"Severe Weather",16061,"Idaho","Lewis",2021-07-01 05:30:00,1.5,2021-07-01 07:00:00,588,631,610.333333333333
"Idaho",2021-06-28 13:20:00,2021-06-28 13:20:00,"Severe Weather",16069,"Idaho","Nez Perce",2021-06-28 23:45:00,2.75,2021-06-29 02:30:00,336,339,337.363636363636
"Idaho",2021-06-28 13:20:00,2021-06-28 13:20:00,"Severe Weather",16069,"Idaho","Nez Perce",2021-06-29 17:45:00,0.25,2021-06-29 18:00:00,343,343,343
"Idaho",2021-06-28 13:20:00,2021-06-28 13:20:00,"Severe Weather",16069,"Idaho","Nez Perce",2021-06-29 22:45:00,5,2021-06-30 03:45:00,248,389,271.05
"Idaho",2021-06-28 13:20:00,2021-06-28 13:20:00,"Severe Weather",16069,"Idaho","Nez Perce",2021-06-30 23:00:00,1,2021-07-01,335,336,335.5
"Idaho",2021-06-28 13:20:00,2021-06-28 13:20:00,"Severe Weather",16069,"Idaho","Nez Perce",2021-07-01 00:45:00,0.5,2021-07-01 01:15:00,208,275,241.5
"Idaho",2021-06-28 13:20:00,2021-06-28 13:20:00,"Severe Weather",16069,"Idaho","Nez Perce",2021-07-01 05:30:00,1.5,2021-07-01 07:00:00,911,1646,1286.83333333333
"Idaho",2021-06-28 13:20:00,2021-06-28 13:20:00,"Severe Weather",16083,"Idaho","Twin Falls",2021-06-29 21:45:00,0.25,2021-06-29 22:00:00,839,839,839
"Idaho",2021-06-28 13:20:00,2021-06-28 13:20:00,"Severe Weather",16001,"Idaho","Ada",2021-06-29,5,2021-06-29 05:00:00,710,7525,3018.4
"Idaho",2021-06-28 13:20:00,2021-06-28 13:20:00,"Severe Weather",16001,"Idaho","Ada",2021-06-30 08:30:00,2,2021-06-30 10:30:00,234,270,249.875
"Idaho",2021-06-28 13:20:00,2021-06-28 13:20:00,"Severe Weather",16005,"Idaho","Bannock",2021-06-29 02:15:00,1,2021-06-29 03:15:00,536,536,536
"Idaho",2021-06-28 13:20:00,2021-06-28 13:20:00,"Severe Weather",16055,"Idaho","Kootenai",2021-06-29 01:15:00,0.75,2021-06-29 02:00:00,205,209,207.666666666667
"Idaho",2021-06-28 13:20:00,2021-06-28 13:20:00,"Severe Weather",16055,"Idaho","Kootenai",2021-06-29 04:30:00,1.5,2021-06-29 06:00:00,229,229,229
"Idaho",2021-06-28 13:20:00,2021-06-28 13:20:00,"Severe Weather",16057,"Idaho","Latah",2021-06-29 00:30:00,3,2021-06-29 03:30:00,280,280,280
"Idaho",2021-06-28 13:20:00,2021-06-28 13:20:00,"Severe Weather",16061,"Idaho","Lewis",2021-07-01 05:30:00,1.5,2021-07-01 07:00:00,588,631,610.333333333333
"Idaho",2021-06-28 13:20:00,2021-06-28 13:20:00,"Severe Weather",16069,"Idaho","Nez Perce",2021-06-28 23:45:00,2.75,2021-06-29 02:30:00,336,339,337.363636363636
"Idaho",2021-06-28 13:20:00,2021-06-28 13:20:00,"Severe Weather",16069,"Idaho","Nez Perce",2021-06-29 17:45:00,0.25,2021-06-29 18:00:00,343,343,343
"Idaho",2021-06-28 13:20:00,2021-06-28 13:20:00,"Severe Weather",16069,"Idaho","Nez Perce",2021-06-29 22:45:00,5,2021-06-30 03:45:00,248,389,271.05
"Idaho",2021-06-28 13:20:00,2021-06-28 13:20:00,"Severe Weather",16069,"Idaho","Nez Perce",2021-06-30 23:00:00,1,2021-07-01,335,336,335.5
"Idaho",2021-06-28 13:20:00,2021-06-28 13:20:00,"Severe Weather",16069,"Idaho","Nez Perce",2021-07-01 00:45:00,0.5,2021-07-01 01:15:00,208,275,241.5
"Idaho",2021-06-28 13:20:00,2021-06-28 13:20:00,"Severe Weather",16069,"Idaho","Nez Perce",2021-07-01 05:30:00,1.5,2021-07-01 07:00:00,911,1646,1286.83333333333
"Idaho",2021-06-28 13:20:00,2021-06-28 13:20:00,"Severe Weather",16083,"Idaho","Twin Falls",2021-06-29 21:45:00,0.25,2021-06-29 22:00:00,839,839,839
"Idaho",2021-06-28 13:20:00,2021-06-28 13:20:00,"Severe Weather",16001,"Idaho","Ada",2021-06-29,5,2021-06-29 05:00:00,710,7525,3018.4
"Idaho",2021-06-28 13:20:00,2021-06-28 13:20:00,"Severe Weather",16001,"Idaho","Ada",2021-06-30 08:30:00,2,2021-06-30 10:30:00,234,270,249.875
"Idaho",2021-06-28 13:20:00,2021-06-28 13:20:00,"Severe Weather",16005,"Idaho","Bannock",2021-06-29 02:15:00,1,2021-06-29 03:15:00,536,536,536
"Idaho",2021-06-28 13:20:00,2021-06-28 13:20:00,"Severe Weather",16055,"Idaho","Kootenai",2021-06-29 01:15:00,0.75,2021-06-29 02:00:00,205,209,207.666666666667
"Idaho",2021-06-28 13:20:00,2021-06-28 13:20:00,"Severe Weather",16055,"Idaho","Kootenai",2021-06-29 04:30:00,1.5,2021-06-29 06:00:00,229,229,229
"Idaho",2021-06-28 13:20:00,2021-06-28 13:20:00,"Severe Weather",16057,"Idaho","Latah",2021-06-29 00:30:00,3,2021-06-29 03:30:00,280,280,280
"Idaho",2021-06-28 13:20:00,2021-06-28 13:20:00,"Severe Weather",16061,"Idaho","Lewis",2021-07-01 05:30:00,1.5,2021-07-01 07:00:00,588,631,610.333333333333
"Idaho",2021-06-28 13:20:00,2021-06-28 13:20:00,"Severe Weather",16069,"Idaho","Nez Perce",2021-06-28 23:45:00,2.75,2021-06-29 02:30:00,336,339,337.363636363636
"Idaho",2021-06-28 13:20:00,2021-06-28 13:20:00,"Severe Weather",16069,"Idaho","Nez Perce",2021-06-29 17:45:00,0.25,2021-06-29 18:00:00,343,343,343
"Idaho",2021-06-28 13:20:00,2021-06-28 13:20:00,"Severe Weather",16069,"Idaho","Nez Perce",2021-06-29 22:45:00,5,2021-06-30 03:45:00,248,389,271.05
"Idaho",2021-06-28 13:20:00,2021-06-28 13:20:00,"Severe Weather",16069,"Idaho","Nez Perce",2021-06-30 23:00:00,1,2021-07-01,335,336,335.5
"Idaho",2021-06-28 13:20:00,2021-06-28 13:20:00,"Severe Weather",16069,"Idaho","Nez Perce",2021-07-01 00:45:00,0.5,2021-07-01 01:15:00,208,275,241.5
"Idaho",2021-06-28 13:20:00,2021-06-28 13:20:00,"Severe Weather",16069,"Idaho","Nez Perce",2021-07-01 05:30:00,1.5,2021-07-01 07:00:00,911,1646,1286.83333333333
"Idaho",2021-06-28 13:20:00,2021-06-28 13:20:00,"Severe Weather",16083,"Idaho","Twin Falls",2021-06-29 21:45:00,0.25,2021-06-29 22:00:00,839,839,839
"Idaho",2021-06-28 13:20:00,2021-06-28 13:20:00,"Severe Weather",16001,"Idaho","Ada",2021-06-29,5,2021-06-29 05:00:00,710,7525,3018.4
"Idaho",2021-06-28 13:20:00,2021-06-28 13:20:00,"Severe Weather",16001,"Idaho","Ada",2021-06-30 08:30:00,2,2021-06-30 10:30:00,234,270,249.875
"Idaho",2021-06-28 13:20:00,2021-06-28 13:20:00,"Severe Weather",16005,"Idaho","Bannock",2021-06-29 02:15:00,1,2021-06-29 03:15:00,536,536,536
"Idaho",2021-06-28 13:20:00,2021-06-28 13:20:00,"Severe Weather",16055,"Idaho","Kootenai",2021-06-29 01:15:00,0.75,2021-06-29 02:00:00,205,209,207.666666666667
"Idaho",2021-06-28 13:20:00,2021-06-28 13:20:00,"Severe Weather",16055,"Idaho","Kootenai",2021-06-29 04:30:00,1.5,2021-06-29 06:00:00,229,229,229
"Idaho",2021-06-28 13:20:00,2021-06-28 13:20:00,"Severe Weather",16057,"Idaho","Latah",2021-06-29 00:30:00,3,2021-06-29 03:30:00,280,280,280
"Idaho",2021-06-28 13:20:00,2021-06-28 13:20:00,"Severe Weather",16061,"Idaho","Lewis",2021-07-01 05:30:00,1.5,2021-07-01 07:00:00,588,631,610.333333333333
"Idaho",2021-06-28 13:20:00,2021-06-28 13:20:00,"Severe Weather",16069,"Idaho","Nez Perce",2021-06-28 23:45:00,2.75,2021-06-29 02:30:00,336,339,337.363636363636
"Idaho",2021-06-28 13:20:00,2021-06-28 13:20:00,"Severe Weather",16069,"Idaho","Nez Perce",2021-06-29 17:45:00,0.25,2021-06-29 18:00:00,343,343,343
"Idaho",2021-06-28 13:20:00,2021-06-28 13:20:00,"Severe Weather",16069,"Idaho","Nez Perce",2021-06-29 22:45:00,5,2021-06-30 03:45:00,248,389,271.05
"Idaho",2021-06-28 13:20:00,2021-06-28 13:20:00,"Severe Weather",16069,"Idaho","Nez Perce",2021-06-30 23:00:00,1,2021-07-01,335,336,335.5
"Idaho",2021-06-28 13:20:00,2021-06-28 13:20:00,"Severe Weather",16069,"Idaho","Nez Perce",2021-07-01 00:45:00,0.5,2021-07-01 01:15:00,208,275,241.5
"Idaho",2021-06-28 13:20:00,2021-06-28 13:20:00,"Severe Weather",16069,"Idaho","Nez Perce",2021-07-01 05:30:00,1.5,2021-07-01 07:00:00,911,1646,1286.83333333333
"Idaho",2021-06-28 13:20:00,2021-06-28 13:20:00,"Severe Weather",16083,"Idaho","Twin Falls",2021-06-29 21:45:00,0.25,2021-06-29 22:00:00,839,839,839
"Idaho",2022-09-06 19:20:00,2022-09-06 21:01:00,"System Operations",16001,"Idaho","Ada",2022-09-08 02:00:00,4.75,2022-09-08 06:45:00,282,1477,930.578947368421
"Idaho",2022-09-06 19:20:00,2022-09-06 21:01:00,"System Operations",16001,"Idaho","Ada",2022-09-08 18:45:00,2.5,2022-09-08 21:15:00,396,430,426.6
"Idaho",2022-09-06 19:20:00,2022-09-06 21:01:00,"System Operations",16027,"Idaho","Canyon",2022-09-08 01:15:00,2,2022-09-08 03:15:00,348,1614,1003.5
"Idaho",2022-09-06 19:20:00,2022-09-06 21:01:00,"System Operations",16027,"Idaho","Canyon",2022-09-08 12:45:00,1.25,2022-09-08 14:00:00,432,432,432
"Idaho",2022-09-06 19:20:00,2022-09-06 21:01:00,"System Operations",16027,"Idaho","Canyon",2022-09-08 22:45:00,1,2022-09-08 23:45:00,202,202,202
"Idaho",2022-09-06 19:20:00,2022-09-06 21:01:00,"System Operations",16027,"Idaho","Canyon",2022-09-09 15:15:00,0.25,2022-09-09 15:30:00,1306,1306,1306
"Idaho",2022-09-06 19:20:00,2022-09-06 21:01:00,"System Operations",16039,"Idaho","Elmore",2022-09-08 03:00:00,2.25,2022-09-08 05:15:00,222,264,241.333333333333
"Idaho",2022-09-06 19:20:00,2022-09-06 21:01:00,"System Operations",16049,"Idaho","Idaho",2022-09-08 03:45:00,4,2022-09-08 07:45:00,696,696,696
"Idaho",2022-09-06 19:20:00,2022-09-06 21:01:00,"System Operations",16067,"Idaho","Minidoka",2022-09-09 01:00:00,2.25,2022-09-09 03:15:00,319,748,700.333333333333
"Idaho",2022-09-06 19:20:00,2022-09-06 21:01:00,"System Operations",16079,"Idaho","Shoshone",2022-09-09 17:00:00,0.5,2022-09-09 17:30:00,454,454,454
"Idaho",2022-09-06 19:20:00,2022-09-06 21:01:00,"System Operations",16083,"Idaho","Twin Falls",2022-09-07 00:15:00,0.75,2022-09-07 01:00:00,4574,6468,5205.33333333333
"Idaho",2022-09-06 19:20:00,2022-09-06 21:01:00,"System Operations",16087,"Idaho","Washington",2022-09-08 01:00:00,3.75,2022-09-08 04:45:00,204,899,548
"Idaho",2022-05-18 11:00:00,2022-05-18 16:34:00,"Vandalism",16001,"Idaho","Ada",2022-05-19 10:30:00,1,2022-05-19 11:30:00,249,249,249
"Idaho",2022-05-18 11:00:00,2022-05-18 16:34:00,"Vandalism",16001,"Idaho","Ada",2022-05-21 01:30:00,1,2022-05-21 02:30:00,319,319,319
"Idaho",2022-05-18 11:00:00,2022-05-18 16:34:00,"Vandalism",16013,"Idaho","Blaine",2022-05-18 17:00:00,0.25,2022-05-18 17:15:00,1825,1825,1825
"Idaho",2022-05-18 11:00:00,2022-05-18 16:34:00,"Vandalism",16015,"Idaho","Boise",2022-05-18 16:00:00,1.5,2022-05-18 17:30:00,3460,3462,3461.5
"Idaho",2022-05-18 11:00:00,2022-05-18 16:34:00,"Vandalism",16019,"Idaho","Bonneville",2022-05-19 18:30:00,0.25,2022-05-19 18:45:00,1483,1483,1483
"Idaho",2022-05-18 11:00:00,2022-05-18 16:34:00,"Vandalism",16027,"Idaho","Canyon",2022-05-19 22:30:00,2,2022-05-20 00:30:00,200,215,213.125
"Idaho",2022-05-18 11:00:00,2022-05-18 16:34:00,"Vandalism",16035,"Idaho","Clearwater",2022-05-18 11:45:00,0.25,2022-05-18 12:00:00,266,266,266
"Idaho",2022-05-18 11:00:00,2022-05-18 16:34:00,"Vandalism",16039,"Idaho","Elmore",2022-05-19 19:45:00,1,2022-05-19 20:45:00,2303,2308,2306.75
"Idaho",2022-05-18 11:00:00,2022-05-18 16:34:00,"Vandalism",16043,"Idaho","Fremont",2022-05-20 01:00:00,2,2022-05-20 03:00:00,337,364,343.75
"Idaho",2022-05-18 11:00:00,2022-05-18 16:34:00,"Vandalism",16051,"Idaho","Jefferson",2022-05-19 20:00:00,0.25,2022-05-19 20:15:00,328,328,328
"Idaho",2022-05-18 11:00:00,2022-05-18 16:34:00,"Vandalism",16051,"Idaho","Jefferson",2022-05-19 21:00:00,0.5,2022-05-19 21:30:00,606,606,606
"Idaho",2022-05-18 11:00:00,2022-05-18 16:34:00,"Vandalism",16051,"Idaho","Jefferson",2022-05-19 22:15:00,0.5,2022-05-19 22:45:00,1197,1197,1197
"Idaho",2022-05-18 11:00:00,2022-05-18 16:34:00,"Vandalism",16057,"Idaho","Latah",2022-05-18 11:45:00,0.25,2022-05-18 12:00:00,321,321,321
"Idaho",2022-05-18 11:00:00,2022-05-18 16:34:00,"Vandalism",16063,"Idaho","Lincoln",2022-05-20 01:00:00,1.75,2022-05-20 02:45:00,374,382,378.571428571429
"Idaho",2022-05-18 11:00:00,2022-05-18 16:34:00,"Vandalism",16085,"Idaho","Valley",2022-05-18 16:00:00,0.25,2022-05-18 16:15:00,274,274,274
"Idaho",2022-05-18 11:00:00,2022-05-18 16:34:00,"Vandalism",16085,"Idaho","Valley",2022-05-18 18:15:00,1.5,2022-05-18 19:45:00,724,778,750.333333333333
"Idaho",2022-05-18 11:00:00,2022-05-18 16:34:00,"Vandalism",16085,"Idaho","Valley",2022-05-19 16:00:00,0.75,2022-05-19 16:45:00,200,200,200
"Idaho",2022-07-12 10:45:00,2022-07-12 11:00:00,"Actual Physical Attack",16001,"Idaho","Ada",2022-07-13 01:30:00,3,2022-07-13 04:30:00,383,608,572.583333333333
"Idaho",2022-07-12 10:45:00,2022-07-12 11:00:00,"Actual Physical Attack",16001,"Idaho","Ada",2022-07-13 21:30:00,0.25,2022-07-13 21:45:00,259,259,259
"Idaho",2022-07-12 10:45:00,2022-07-12 11:00:00,"Actual Physical Attack",16001,"Idaho","Ada",2022-07-13 22:00:00,0.75,2022-07-13 22:45:00,258,258,258
"Idaho",2022-07-12 10:45:00,2022-07-12 11:00:00,"Actual Physical Attack",16017,"Idaho","Bonner",2022-07-14 20:00:00,0.75,2022-07-14 20:45:00,1692,1692,1692
"Idaho",2022-07-12 10:45:00,2022-07-12 11:00:00,"Actual Physical Attack",16035,"Idaho","Clearwater",2022-07-14 04:30:00,5,2022-07-14 09:30:00,574,574,574
"Idaho",2022-07-12 10:45:00,2022-07-12 11:00:00,"Actual Physical Attack",16039,"Idaho","Elmore",2022-07-12 19:00:00,3.5,2022-07-12 22:30:00,324,324,324
"Idaho",2022-07-12 10:45:00,2022-07-12 11:00:00,"Actual Physical Attack",16055,"Idaho","Kootenai",2022-07-13 08:45:00,2.75,2022-07-13 11:30:00,1675,1681,1678.27272727273
"Idaho",2022-07-12 10:45:00,2022-07-12 11:00:00,"Actual Physical Attack",16055,"Idaho","Kootenai",2022-07-13 21:15:00,0.75,2022-07-13 22:00:00,1363,1363,1363
"Idaho",2022-07-12 10:45:00,2022-07-12 11:00:00,"Actual Physical Attack",16055,"Idaho","Kootenai",2022-07-14,0.25,2022-07-14 00:15:00,1356,1356,1356
"Idaho",2022-07-12 10:45:00,2022-07-12 11:00:00,"Actual Physical Attack",16059,"Idaho","Lemhi",2022-07-13 21:45:00,2.25,2022-07-14,268,913,585.888888888889
"Idaho",2022-07-12 10:45:00,2022-07-12 11:00:00,"Actual Physical Attack",16071,"Idaho","Oneida",2022-07-14 00:45:00,1.5,2022-07-14 02:15:00,241,241,241
"Idaho",2022-07-12 10:45:00,2022-07-12 11:00:00,"Actual Physical Attack",16071,"Idaho","Oneida",2022-07-15,0.5,2022-07-15 00:30:00,695,696,695.5
"Idaho",2022-07-12 10:45:00,2022-07-12 11:00:00,"Actual Physical Attack",16083,"Idaho","Twin Falls",2022-07-14 19:15:00,1.75,2022-07-14 21:00:00,213,214,213.714285714286
"Idaho",2023-06-27 17:37:00,2023-06-27 21:30:00,"- Failure at high voltage substation or switchyard",16001,"Idaho","Ada",2023-06-28 13:15:00,0.5,2023-06-28 13:45:00,680,680,680
"Idaho",2023-06-27 17:37:00,2023-06-27 21:30:00,"- Failure at high voltage substation or switchyard",16005,"Idaho","Bannock",2023-06-28 00:45:00,0.5,2023-06-28 01:15:00,331,331,331
"Idaho",2023-06-27 17:37:00,2023-06-27 21:30:00,"- Failure at high voltage substation or switchyard",16009,"Idaho","Benewah",2023-06-27 18:45:00,0.25,2023-06-27 19:00:00,482,482,482
"Idaho",2023-06-27 17:37:00,2023-06-27 21:30:00,"- Failure at high voltage substation or switchyard",16011,"Idaho","Bingham",2023-06-28 22:00:00,6.75,2023-06-29 04:45:00,302,2030,771.703703703704
"Idaho",2023-06-27 17:37:00,2023-06-27 21:30:00,"- Failure at high voltage substation or switchyard",16015,"Idaho","Boise",2023-06-29 15:15:00,4.25,2023-06-29 19:30:00,425,425,425
"Idaho",2023-06-27 17:37:00,2023-06-27 21:30:00,"- Failure at high voltage substation or switchyard",16019,"Idaho","Bonneville",2023-06-28 22:00:00,5.25,2023-06-29 03:15:00,255,1677,988.380952380952
"Idaho",2023-06-27 17:37:00,2023-06-27 21:30:00,"- Failure at high voltage substation or switchyard",16027,"Idaho","Canyon",2023-06-28 19:30:00,0.5,2023-06-28 20:00:00,1281,1281,1281
"Idaho",2023-06-27 17:37:00,2023-06-27 21:30:00,"- Failure at high voltage substation or switchyard",16083,"Idaho","Twin Falls",2023-06-28 21:15:00,0.25,2023-06-28 21:30:00,2964,2964,2964
"Idaho",2023-03-10 08:00:00,2023-03-10 08:56:00,"Vandalism",16001,"Idaho","Ada",2023-03-11 20:00:00,5.75,2023-03-12 01:45:00,304,1971,1521.69565217391
"Idaho",2023-03-10 08:00:00,2023-03-10 08:56:00,"Vandalism",16005,"Idaho","Bannock",2023-03-10 21:15:00,1.25,2023-03-10 22:30:00,234,255,244.2
"Idaho",2023-03-10 08:00:00,2023-03-10 08:56:00,"Vandalism",16005,"Idaho","Bannock",2023-03-11 15:45:00,2.25,2023-03-11 18:00:00,289,2385,1424.22222222222
"Idaho",2023-03-10 08:00:00,2023-03-10 08:56:00,"Vandalism",16009,"Idaho","Benewah",2023-03-12 18:00:00,1.5,2023-03-12 19:30:00,477,477,477
"Idaho",2023-03-10 08:00:00,2023-03-10 08:56:00,"Vandalism",16011,"Idaho","Bingham",2023-03-10 18:15:00,2.25,2023-03-10 20:30:00,448,608,554.666666666667
"Idaho",2023-03-10 08:00:00,2023-03-10 08:56:00,"Vandalism",16011,"Idaho","Bingham",2023-03-10 20:45:00,1.75,2023-03-10 22:30:00,573,1862,1064.71428571429
"Idaho",2023-03-10 08:00:00,2023-03-10 08:56:00,"Vandalism",16015,"Idaho","Boise",2023-03-10 18:00:00,3,2023-03-10 21:00:00,805,816,809.583333333333
"Idaho",2023-03-10 08:00:00,2023-03-10 08:56:00,"Vandalism",16027,"Idaho","Canyon",2023-03-10 13:30:00,0.25,2023-03-10 13:45:00,219,219,219
"Idaho",2023-03-10 08:00:00,2023-03-10 08:56:00,"Vandalism",16027,"Idaho","Canyon",2023-03-10 14:00:00,0.25,2023-03-10 14:15:00,208,208,208
"Idaho",2023-03-10 08:00:00,2023-03-10 08:56:00,"Vandalism",16027,"Idaho","Canyon",2023-03-10 15:45:00,0.75,2023-03-10 16:30:00,460,460,460
"Idaho",2023-03-10 08:00:00,2023-03-10 08:56:00,"Vandalism",16053,"Idaho","Jerome",2023-03-10 19:30:00,7.25,2023-03-11 02:45:00,270,4405,911.862068965517
"Idaho",2023-03-10 08:00:00,2023-03-10 08:56:00,"Vandalism",16063,"Idaho","Lincoln",2023-03-10 19:15:00,1.75,2023-03-10 21:00:00,2379,2440,2405.14285714286
"Idaho",2023-03-10 08:00:00,2023-03-10 08:56:00,"Vandalism",16083,"Idaho","Twin Falls",2023-03-10 08:00:00,0.25,2023-03-10 08:15:00,263,263,263
"Idaho",2023-03-10 08:00:00,2023-03-10 08:56:00,"Vandalism",16083,"Idaho","Twin Falls",2023-03-10 15:15:00,0.5,2023-03-10 15:45:00,737,793,765
"Idaho",2023-03-10 08:00:00,2023-03-10 08:56:00,"Vandalism",16083,"Idaho","Twin Falls",2023-03-10 19:30:00,5,2023-03-11 00:30:00,863,9203,3984.75
"Idaho",2023-03-10 08:00:00,2023-03-10 08:56:00,"Vandalism",16083,"Idaho","Twin Falls",2023-03-13 03:30:00,5.25,2023-03-13 08:45:00,220,220,220
"Idaho",2023-03-10 08:00:00,2023-03-10 08:56:00,"Vandalism",16087,"Idaho","Washington",2023-03-10 11:30:00,8,2023-03-10 19:30:00,359,1445,833.375
"Idaho",2023-04-26 12:31:00,2023-04-26 14:15:00,"Vandalism",16005,"Idaho","Bannock",2023-04-28 00:15:00,1,2023-04-28 01:15:00,496,616,586
"Idaho",2023-04-26 12:31:00,2023-04-26 14:15:00,"Vandalism",16013,"Idaho","Blaine",2023-04-26 21:30:00,1.5,2023-04-26 23:00:00,933,933,933
"Idaho",2023-04-26 12:31:00,2023-04-26 14:15:00,"Vandalism",16017,"Idaho","Bonner",2023-04-27 19:15:00,0.5,2023-04-27 19:45:00,407,407,407
"Idaho",2023-04-26 12:31:00,2023-04-26 14:15:00,"Vandalism",16019,"Idaho","Bonneville",2023-04-28 23:00:00,0.5,2023-04-28 23:30:00,303,317,310
"Idaho",2023-04-26 12:31:00,2023-04-26 14:15:00,"Vandalism",16027,"Idaho","Canyon",2023-04-27 15:00:00,2.75,2023-04-27 17:45:00,514,1343,890.727272727273
"Idaho",2023-04-26 12:31:00,2023-04-26 14:15:00,"Vandalism",16051,"Idaho","Jefferson",2023-04-27 23:00:00,1,2023-04-28,354,459,406.25
"Idaho",2023-07-26 13:31:00,2023-07-26 14:00:00,"- Physical attack- Vandalism- Suspicious activity",16005,"Idaho","Bannock",2023-07-26 14:45:00,0.5,2023-07-26 15:15:00,292,292,292
"Idaho",2023-07-26 13:31:00,2023-07-26 14:00:00,"- Physical attack- Vandalism- Suspicious activity",16007,"Idaho","Bear Lake",2023-07-26 20:45:00,0.25,2023-07-26 21:00:00,1875,1875,1875
"Idaho",2023-07-26 13:31:00,2023-07-26 14:00:00,"- Physical attack- Vandalism- Suspicious activity",16039,"Idaho","Elmore",2023-07-27 02:00:00,3.25,2023-07-27 05:15:00,610,2137,1697.38461538462
"Idaho",2023-07-26 13:31:00,2023-07-26 14:00:00,"- Physical attack- Vandalism- Suspicious activity",16059,"Idaho","Lemhi",2023-07-27 16:15:00,2,2023-07-27 18:15:00,272,272,272
"Idaho",2023-02-03 16:00:00,2023-02-03 16:45:00,"Vandalism",16011,"Idaho","Bingham",2023-02-04 21:15:00,2.25,2023-02-04 23:30:00,333,334,333.666666666667
